CSI_DATA,AP,C8:F0:9E:F2:C2:EC,-77,11,0,0,0,0,0,0,0,0,0,-97,0,6,1,1579322,0,28,0,0,1.97823,128,[28 -64 1 0 0 0 0 0 0 0 0 0 15 -8 19 -6 19 -8 15 -6 20 -4 16 -6 18 -8 15 -4 17 -3 19 0 19 -1 20 -1 15 -4 22 -2 17 -2 23 -1 21 1 21 -6 22 -1 24 -7 25 -4 22 -5 26 1 24 1 25 -1 27 0 0 0 26 -4 23 -6 26 -5 30 -3 27 -6 30 -4 29 -6 28 -9 31 -6 34 -6 35 -3 29 -3 28 -4 28 -4 28 -8 23 -7 30 -7 30 -5 25 -5 26 -7 26 -12 26 -13 32 -9 29 -9 23 -10 25 -10 0 0 0 0 0 0 0 0 0 0 ],1690358035.996862
CSI_DATA,AP,C8:F0:9E:F2:C2:EC,-77,11,0,0,0,0,0,0,0,0,0,-97,0,6,1,2538077,0,28,0,0,2.9368,128,[28 -64 1 0 0 0 0 0 0 0 0 0 -17 15 -18 8 -18 12 -20 11 -15 9 -20 9 -18 8 -16 9 -20 7 -19 9 -24 8 -20 10 -24 9 -23 10 -20 5 -24 7 -26 7 -24 3 -22 5 -21 3 -18 3 -19 4 -21 5 -20 6 -22 4 -21 6 0 0 -22 6 -22 6 -21 7 -20 5 -19 7 -21 10 -20 10 -20 7 -20 9 -19 8 -18 9 -20 6 -18 9 -18 8 -17 8 -18 10 -18 10 -17 13 -17 11 -13 12 -18 12 -13 11 -17 14 -14 17 -14 14 -16 16 0 0 0 0 0 0 0 0 0 0 ],1690358036.9574714
CSI_DATA,AP,C8:F0:9E:F2:C2:EC,-78,11,0,0,0,0,0,0,0,0,0,-97,0,6,1,5414070,0,28,0,0,5.81284,128,[28 -64 1 0 0 0 0 0 0 0 0 0 -10 -19 -4 -23 -3 -22 -3 -22 -4 -22 -2 -23 -1 -22 0 -21 1 -21 1 -18 1 -23 0 -21 -5 -19 -1 -22 0 -21 -3 -22 0 -20 0 -20 2 -17 0 -21 3 -22 1 -22 2 -23 -2 -20 0 -22 1 -23 0 0 0 -19 -4 -23 -1 -20 1 -22 -2 -21 -2 -21 -3 -23 0 -20 -2 -25 -1 -21 -4 -19 -1 -19 -5 -16 -3 -18 -2 -16 -2 -19 -3 -18 -5 -15 -6 -16 -5 -14 -9 -12 -9 -10 -10 -10 -12 -14 -12 -13 -14 -14 0 0 0 0 0 0 0 0 0 0 ],1690358039.838863
CSI_DATA,AP,C8:F0:9E:F2:C2:EC,-77,11,0,0,0,0,0,0,0,0,0,-97,0,6,1,10189302,0,28,0,0,10.5881,128,[28 -64 1 0 0 0 0 0 0 0 0 0 -11 24 -11 19 -14 19 -16 19 -18 6 -16 18 -15 13 -20 15 -15 19 -17 18 -18 15 -21 19 -20 13 -16 18 -18 10 -20 20 -14 12 -23 14 -19 15 -25 14 -17 12 -20 9 -24 9 -22 15 -25 11 -24 9 0 0 -21 9 -21 11 -20 11 -19 12 -18 8 -16 8 -19 10 -17 11 -16 12 -16 17 -13 16 -15 15 -14 16 -12 16 -15 20 -12 15 -13 20 -16 20 -13 23 -9 21 -12 20 -11 19 -12 25 -16 24 -9 25 -12 24 0 0 0 0 0 0 0 0 0 0 ],1690358044.6057374
CSI_DATA,AP,C8:F0:9E:F2:C2:EC,-77,11,0,0,0,0,0,0,0,0,0,-97,0,6,1,10192262,0,28,0,0,10.625,128,[28 -64 1 0 0 0 0 0 0 0 0 0 10 15 13 16 8 19 10 23 9 16 8 18 9 20 7 16 9 17 5 16 7 18 7 20 7 21 5 21 4 19 4 19 4 21 3 19 4 25 2 23 1 23 2 25 1 22 3 21 1 19 -1 22 0 0 -5 19 -3 20 1 20 0 19 -1 19 0 16 2 20 3 15 2 14 2 16 5 19 2 18 2 17 5 18 4 18 7 18 7 19 7 22 5 20 7 19 5 21 6 20 10 19 10 24 11 21 10 23 0 0 0 0 0 0 0 0 0 0 ],1690358044.6531682
CSI_DATA,AP,C8:F0:9E:F2:C2:EC,-75,11,0,0,0,0,0,0,0,0,0,-97,0,6,1,11144779,0,28,0,0,11.5435,128,[28 -64 1 0 0 0 0 0 0 0 0 0 -22 -14 -20 -16 -18 -13 -22 -15 -16 -16 -19 -16 -18 -15 -14 -13 -18 -16 -16 -14 -18 -19 -15 -16 -16 -17 -17 -16 -15 -18 -16 -18 -17 -18 -14 -17 -17 -19 -15 -20 -14 -20 -16 -19 -14 -16 -15 -18 -16 -18 -14 -19 0 0 -14 -20 -13 -19 -14 -18 -14 -17 -14 -19 -12 -17 -15 -18 -12 -16 -10 -16 -13 -15 -13 -20 -14 -16 -12 -14 -12 -13 -14 -13 -17 -16 -15 -14 -16 -13 -18 -10 -17 -13 -16 -11 -17 -8 -17 -8 -20 -12 -19 -9 -20 -10 0 0 0 0 0 0 0 0 0 0 ],1690358045.5855434
CSI_DATA,AP,C8:F0:9E:F2:C2:EC,-76,11,0,0,0,0,0,0,0,0,0,-97,0,6,1,11148461,0,28,0,0,11.586,128,[28 -64 1 0 0 0 0 0 0 0 0 0 20 15 20 15 22 18 17 16 18 16 14 15 15 15 13 15 15 15 15 16 14 16 15 17 12 17 13 15 11 19 15 15 16 20 13 17 16 18 14 18 11 18 10 18 11 17 11 23 15 20 11 19 0 0 12 20 13 20 10 20 12 21 12 16 8 19 9 15 9 18 11 16 9 18 11 18 12 17 12 14 11 17 12 15 14 14 15 11 14 13 13 14 15 15 15 14 18 11 16 13 17 14 16 12 19 12 0 0 0 0 0 0 0 0 0 0 ],1690358045.6175647
CSI_DATA,AP,C8:F0:9E:F2:C2:EC,-76,11,0,0,0,0,0,0,0,0,0,-97,0,6,1,13065451,0,28,0,0,13.4642,128,[28 -64 1 0 0 0 0 0 0 0 0 0 -12 -20 -10 -19 -13 -18 -11 -17 -8 -16 -8 -17 -12 -16 -7 -17 -8 -16 -10 -18 -11 -19 -10 -17 -11 -23 -10 -21 -9 -19 -9 -22 -8 -20 -8 -25 -8 -24 -6 -24 -5 -22 -5 -27 -3 -22 -5 -24 -5 -25 -3 -23 0 0 -1 -25 -5 -21 -4 -21 -3 -21 -5 -21 -3 -19 -5 -20 -4 -20 -3 -21 -2 -19 -7 -18 -5 -21 -6 -18 -5 -19 -7 -22 -6 -19 -6 -19 -9 -20 -7 -18 -9 -18 -10 -17 -9 -17 -9 -18 -13 -18 -11 -20 -11 -17 0 0 0 0 0 0 0 0 0 0 ],1690358047.497218
CSI_DATA,AP,C8:F0:9E:F2:C2:EC,-76,11,0,0,0,0,0,0,0,0,0,-97,0,6,1,14017493,0,28,0,0,14.4162,128,[28 -64 1 0 0 0 0 0 0 0 0 0 -2 19 3 18 3 20 1 20 0 16 1 18 3 18 3 19 3 20 6 19 2 25 2 23 1 19 -2 22 0 19 0 23 -2 22 -1 23 -2 21 -3 21 -3 21 -3 23 -1 20 -4 24 -4 22 -6 22 0 0 -4 22 -2 18 -2 21 -3 20 -2 18 -4 23 -4 22 -3 20 0 20 -4 22 -4 22 -3 19 -2 20 -2 22 -3 19 -1 21 -2 20 0 17 0 18 3 20 1 18 1 20 3 19 3 21 2 19 4 20 0 0 0 0 0 0 0 0 0 0 ],1690358048.434653
CSI_DATA,AP,C8:F0:9E:F2:C2:EC,-76,11,0,0,0,0,0,0,0,0,0,-97,0,6,1,15931681,0,28,0,0,16.3304,128,[28 -64 1 0 0 0 0 0 0 0 0 0 -12 -23 -9 -25 -7 -21 -5 -21 -6 -21 -4 -19 -5 -21 -4 -18 -5 -18 -5 -17 -4 -19 -7 -21 -3 -18 -4 -20 -4 -19 -5 -19 -3 -15 -5 -18 -4 -21 -2 -18 -7 -19 -6 -18 -5 -19 -6 -20 -5 -21 -6 -19 0 0 -7 -22 -6 -17 -10 -19 -8 -21 -5 -22 -11 -20 -7 -20 -7 -21 -9 -22 -7 -25 -9 -24 -8 -22 -7 -23 -4 -20 -4 -24 -9 -23 -5 -20 -7 -21 -7 -24 -8 -20 -8 -22 -10 -23 -7 -22 -9 -22 -12 -23 -11 -22 0 0 0 0 0 0 0 0 0 0 ],1690358050.3658912
CSI_DATA,AP,C8:F0:9E:F2:C2:EC,-80,11,1,2,1,1,1,0,0,0,0,-97,0,6,1,15934220,0,157,0,0,16.3686,384,[-99 -48 9 0 0 0 0 0 0 0 0 0 15 5 13 5 14 7 12 5 13 4 12 9 13 3 8 6 8 6 9 5 11 7 11 8 12 7 11 3 13 6 10 10 11 8 12 9 11 2 14 4 9 6 13 3 10 6 10 5 10 6 9 8 0 0 10 6 14 6 15 8 13 5 12 6 14 7 12 8 14 6 14 6 10 6 13 5 14 5 11 8 14 5 13 6 17 6 15 7 13 5 14 7 15 5 14 3 15 2 16 1 15 1 15 5 14 3 0 0 0 0 0 0 0 0 0 0 ],1690358050.3977644
CSI_DATA,AP,C8:F0:9E:F2:C2:EC,-77,11,0,0,0,0,0,0,0,0,0,-97,0,6,1,16889375,0,28,0,0,17.2882,128,[28 -64 1 0 0 0 0 0 0 0 0 0 -26 4 -26 -1 -28 2 -24 0 -24 0 -22 -3 -26 1 -20 -2 -22 -3 -22 -1 -25 -5 -23 -4 -22 -6 -23 -5 -18 -6 -23 -4 -25 -5 -21 -7 -21 -7 -19 -7 -20 -8 -19 -5 -20 -8 -20 -3 -18 -7 -17 -4 0 0 -22 -6 -18 -6 -17 -2 -18 -5 -19 -3 -21 -7 -19 -4 -20 -6 -19 -3 -20 -6 -20 -3 -22 -3 -17 -1 -20 -2 -18 -4 -17 1 -21 1 -19 3 -21 2 -18 1 -19 4 -21 6 -21 5 -22 7 -23 7 -22 8 0 0 0 0 0 0 0 0 0 0 ],1690358051.311564
CSI_DATA,AP,C8:F0:9E:F2:C2:EC,-78,11,0,0,0,0,0,0,0,0,0,-97,0,6,1,19767981,0,28,0,0,20.1667,128,[28 -64 1 0 0 0 0 0 0 0 0 0 0 -17 1 -16 -2 -15 2 -14 2 -14 1 -14 0 -14 0 -16 1 -14 -3 -17 2 -20 1 -21 2 -21 3 -22 1 -20 5 -22 7 -21 5 -22 7 -22 11 -22 10 -21 11 -23 11 -20 13 -22 12 -21 10 -23 0 0 13 -20 11 -18 10 -20 11 -16 10 -17 11 -16 9 -21 10 -16 8 -19 11 -20 10 -19 8 -19 9 -19 12 -19 12 -17 11 -17 7 -16 8 -15 7 -17 7 -14 2 -12 3 -14 3 -16 0 -18 -1 -17 -3 -16 0 0 0 0 0 0 0 0 0 0 ],1690358054.1867304
CSI_DATA,AP,C8:F0:9E:F2:C2:EC,-77,11,0,0,0,0,0,0,0,0,0,-97,0,6,1,20723833,0,28,0,0,21.1226,128,[28 -64 1 0 0 0 0 0 0 0 0 0 -2 -14 0 -18 -3 -15 0 -17 0 -17 0 -15 1 -19 -2 -15 2 -17 1 -18 2 -23 3 -22 5 -19 5 -20 6 -22 5 -23 6 -22 6 -17 10 -20 7 -19 5 -19 8 -22 8 -16 4 -28 7 -20 12 -21 0 0 12 -22 12 -18 21 -26 11 -23 9 -25 12 -18 12 -25 9 -23 10 -23 12 -17 8 -26 10 -21 13 -24 11 -22 9 -18 18 -18 10 -18 9 -19 7 -18 6 -17 7 -19 5 -18 4 -19 1 -17 0 -18 0 -20 0 0 0 0 0 0 0 0 0 0 ],1690358055.1462097
CSI_DATA,AP,C8:F0:9E:F2:C2:EC,-77,11,0,0,0,0,0,0,0,0,0,-97,0,6,1,20726415,0,28,0,0,21.1561,128,[28 -64 1 0 0 0 0 0 0 0 0 0 -5 14 -6 12 -8 15 -7 15 -7 15 -6 11 -9 14 -11 14 -11 16 -8 14 -11 18 -12 17 -11 17 -12 14 -15 15 -15 17 -14 14 -15 16 -17 17 -17 15 -16 13 -17 14 -18 12 -18 14 -20 16 -17 17 0 0 -18 17 -16 17 -17 14 -17 15 -16 14 -20 15 -18 15 -18 16 -19 15 -19 14 -18 17 -18 14 -18 14 -17 15 -16 15 -17 12 -17 13 -16 11 -15 14 -13 16 -12 13 -11 15 -11 16 -9 17 -8 16 -8 15 0 0 0 0 0 0 0 0 0 0 ],1690358055.1992583
CSI_DATA,AP,C8:F0:9E:F2:C2:EC,-77,11,0,0,0,0,0,0,0,0,0,-97,0,6,1,21688061,0,28,0,0,22.0868,128,[28 -64 1 0 0 0 0 0 0 0 0 0 -14 -5 -14 -9 -11 -7 -14 -10 -12 -10 -18 -7 -16 -10 -16 -5 -15 -10 -14 -7 -20 -11 -23 -12 -21 -13 -20 -13 -18 -13 -21 -12 -21 -14 -20 -13 -17 -16 -17 -20 -15 -19 -17 -22 -15 -19 -16 -18 -16 -20 -14 -22 0 0 -14 -22 -13 -19 -12 -19 -13 -17 -13 -18 -14 -17 -15 -17 -12 -16 -14 -16 -13 -12 -14 -14 -17 -15 -18 -15 -16 -13 -16 -16 -18 -14 -16 -11 -15 -12 -18 -9 -19 -12 -18 -10 -18 -11 -21 -9 -20 -8 -22 -9 -23 -7 0 0 0 0 0 0 0 0 0 0 ],1690358056.1213894
CSI_DATA,AP,C8:F0:9E:F2:C2:EC,-77,11,0,0,0,0,0,0,0,0,0,-97,0,6,1,22643629,0,28,0,0,23.0424,128,[28 -64 1 0 0 0 0 0 0 0 0 0 17 -6 17 -7 16 -3 18 -7 21 -4 18 -1 21 -3 17 -1 19 -2 19 -6 20 -4 23 -4 21 -3 19 -2 21 1 23 -1 22 -1 19 0 23 3 21 2 23 2 24 5 19 5 22 3 22 4 21 4 0 0 20 2 20 7 21 4 21 3 23 2 21 3 20 3 19 4 20 3 21 3 20 2 19 2 18 1 16 3 16 2 19 3 18 -3 18 0 16 -2 17 -1 17 -3 17 -3 14 -2 18 -6 16 -5 18 -9 0 0 0 0 0 0 0 0 0 0 ],1690358057.069362
CSI_DATA,AP,C8:F0:9E:F2:C2:EC,-77,11,0,0,0,0,0,0,0,0,0,-97,0,6,1,22648020,0,28,0,0,23.0738,128,[28 -64 1 0 0 0 0 0 0 0 0 0 -13 -16 -16 -15 -14 -16 -13 -15 -13 -14 -15 -18 -16 -18 -13 -16 -16 -14 -15 -16 -14 -21 -15 -22 -15 -22 -14 -21 -14 -22 -15 -23 -13 -22 -13 -21 -12 -26 -12 -20 -12 -24 -12 -22 -7 -26 -13 -24 -13 -24 -10 -26 0 0 -12 -21 -11 -25 -9 -22 -10 -23 -9 -20 -10 -25 -8 -19 -9 -22 -8 -18 -11 -18 -11 -21 -9 -19 -12 -19 -10 -16 -9 -18 -12 -17 -13 -17 -13 -16 -13 -16 -11 -17 -13 -13 -13 -14 -15 -11 -17 -13 -20 -11 -17 -11 0 0 0 0 0 0 0 0 0 0 ],1690358057.1090262
CSI_DATA,AP,C8:F0:9E:F2:C2:EC,-86,11,0,0,0,0,0,0,0,0,0,-97,0,6,1,35013965,0,28,0,0,35.4127,128,[28 -64 1 0 0 0 0 0 0 0 0 0 -10 2 -7 8 -11 6 -7 7 -12 6 -12 1 -8 7 -10 9 -15 15 -14 5 -17 7 -15 9 -20 5 -14 6 -17 6 -15 15 -16 8 -22 7 -11 6 -17 13 -18 7 -15 9 -17 5 -18 12 -19 5 -13 11 0 0 -13 16 -14 9 -8 7 -12 9 -13 14 -7 14 -12 11 -9 4 -6 5 -14 3 -3 8 -8 8 -3 4 -9 2 -3 5 -2 5 -2 7 5 8 8 7 6 7 3 8 6 13 6 6 8 7 8 8 3 9 0 0 0 0 0 0 0 0 0 0 ],1690358069.4387116
CSI_DATA,AP,C8:F0:9E:F2:C2:EC,-81,11,0,0,0,0,0,0,0,0,0,-97,0,6,1,37883776,0,28,0,0,38.2825,128,[28 -64 1 0 0 0 0 0 0 0 0 0 -13 -26 -11 -26 -14 -20 -9 -24 -7 -18 -8 -21 -8 -21 -3 -19 -2 -22 -7 -27 -2 -23 -1 -22 -3 -22 -4 -21 0 -20 -2 -19 0 -16 1 -18 -1 -19 -4 -20 -1 -14 -2 -12 -2 -18 -4 -19 -4 -18 -5 -22 0 0 1 -20 -4 -21 -2 -21 -2 -17 -4 -20 -1 -20 -4 -19 1 -18 -1 -22 0 -14 -7 -15 -7 -21 -7 -18 -5 -19 -5 -22 -9 -18 -16 -20 -9 -24 -11 -20 -16 -26 -9 -23 -8 -26 -12 -28 -14 -27 -12 -30 -11 -24 0 0 0 0 0 0 0 0 0 0 ],1690358072.3162198
CSI_DATA,AP,C8:F0:9E:F2:C2:EC,-83,11,0,0,0,0,0,0,0,0,0,-97,0,6,1,39803496,0,28,0,0,40.2022,128,[28 -64 1 0 0 0 0 0 0 0 0 0 9 8 12 10 11 5 13 2 18 10 17 6 18 7 14 6 20 8 15 7 19 5 22 3 21 14 21 8 18 9 19 16 19 13 16 11 12 13 14 14 16 15 15 8 15 14 15 14 17 15 14 12 0 0 13 9 11 9 18 9 14 10 15 10 13 8 11 8 10 4 9 6 8 7 7 4 6 2 9 5 5 0 6 -3 9 -6 4 -7 10 -14 8 -12 12 -13 17 -14 13 -17 11 -15 14 -16 13 -19 18 -19 0 0 0 0 0 0 0 0 0 0 ],1690358074.2175791
CSI_DATA,AP,C8:F0:9E:F2:C2:EC,-83,11,0,0,0,0,0,0,0,0,0,-97,0,6,1,40759870,0,28,0,0,41.1586,128,[28 -64 1 0 0 0 0 0 0 0 0 0 -6 -20 -11 -19 -6 -12 -2 -20 -12 -17 -14 -11 -8 -15 -5 -17 -8 -16 -10 -19 -10 -17 -13 -17 -16 -24 -10 -23 -8 -23 -7 -21 -7 -21 -6 -24 -4 -24 -4 -22 -1 -27 -2 -24 0 -17 0 -20 -2 -26 2 -19 0 0 -6 -23 2 -25 -8 -20 1 -25 -6 -23 2 -22 -1 -25 -1 -23 -2 -24 2 -20 -1 -28 0 -15 1 -15 -1 -18 -8 -13 -9 -13 -7 -17 -14 -15 -7 -21 -12 -18 -11 -20 -9 -19 -10 -17 -9 -17 -14 -21 -17 -17 0 0 0 0 0 0 0 0 0 0 ],1690358075.1855094
CSI_DATA,AP,C8:F0:9E:F2:C2:EC,-82,11,0,0,0,0,0,0,0,0,0,-97,0,6,1,40763916,0,28,0,0,41.1953,128,[28 -64 1 0 0 0 0 0 0 0 0 0 12 9 11 5 10 9 9 3 9 8 11 8 13 11 13 9 11 10 12 9 12 15 14 9 12 14 12 10 6 12 14 14 13 14 10 16 9 17 8 10 5 18 2 16 5 15 5 17 10 16 7 14 0 0 3 12 5 18 4 19 8 13 7 16 7 10 5 18 5 17 6 15 4 14 10 13 4 15 5 4 4 11 2 13 11 9 10 8 7 9 10 12 11 7 17 4 16 12 15 11 16 12 14 8 12 9 0 0 0 0 0 0 0 0 0 0 ],1690358075.2177048
CSI_DATA,AP,C8:F0:9E:F2:C2:EC,-78,11,0,0,0,0,0,0,0,0,0,-97,0,6,1,41717896,0,28,0,0,42.1166,128,[28 -64 1 0 0 0 0 0 0 0 0 0 -15 4 -20 3 -17 4 -20 -1 -20 3 -22 3 -22 6 -20 3 -27 0 -25 3 -27 -1 -25 -4 -28 -1 -22 -2 -24 -7 -26 -6 -25 -7 -22 -8 -24 -7 -21 -7 -20 -3 -18 -6 -20 -7 -25 -6 -20 -6 -19 -5 0 0 -20 -3 -21 -1 -20 -1 -19 -3 -23 -3 -23 -1 -20 -2 -19 -5 -22 -2 -23 -4 -20 1 -18 0 -20 -1 -19 -2 -23 1 -19 1 -20 5 -18 5 -20 5 -20 5 -22 4 -20 8 -23 5 -22 7 -22 7 -22 7 0 0 0 0 0 0 0 0 0 0 ],1690358076.1452525
CSI_DATA,AP,C8:F0:9E:F2:C2:EC,-78,11,0,0,0,0,0,0,0,0,0,-97,0,6,1,41720892,0,28,0,0,42.1529,128,[28 -64 1 0 0 0 0 0 0 0 0 0 -1 19 -1 17 -2 22 0 18 1 16 3 18 1 18 1 19 2 20 -3 27 -4 21 -3 28 -10 26 -7 25 -8 25 -10 23 -6 21 -8 20 -12 23 -10 18 -9 15 -11 17 -11 17 -12 18 -6 19 -4 18 0 0 -1 24 -3 20 -4 20 -9 19 -4 19 -1 21 -1 21 -3 18 -5 22 -5 19 -3 21 -2 19 -3 21 1 17 -1 16 -1 20 -2 20 4 19 4 19 7 19 4 19 5 19 9 19 8 21 8 20 10 20 0 0 0 0 0 0 0 0 0 0 ],1690358076.1909888
CSI_DATA,AP,C8:F0:9E:F2:C2:EC,-84,11,1,2,1,1,1,0,0,0,0,-97,0,6,1,41722353,0,157,0,0,42.1922,384,[-99 -48 9 0 0 0 0 0 0 0 0 0 -10 7 -15 11 -9 9 -13 7 -14 3 -15 6 -11 9 -11 5 -21 4 -15 4 -20 10 -14 10 -18 8 -21 0 -16 1 -17 5 -15 -1 -16 0 -21 0 -19 0 -14 -3 -16 -1 -17 1 -13 1 -16 0 -16 2 0 0 -12 3 -14 3 -12 2 -16 6 -16 1 -14 5 -14 1 -15 5 -12 5 -10 6 -16 7 -11 4 -11 3 -15 3 -13 3 -11 5 -13 6 -10 7 -14 11 -11 12 -13 12 -12 11 -10 10 -10 11 -10 16 -13 15 0 0 0 0 0 0 0 0 0 0 ],1690358076.2227595
CSI_DATA,AP,C8:F0:9E:F2:C2:EC,-77,11,0,0,0,0,0,0,0,0,0,-97,0,6,1,42680564,0,28,0,0,43.0793,128,[28 -64 1 0 0 0 0 0 0 0 0 0 -4 24 -5 21 -6 20 -7 19 -7 20 -9 17 -4 19 -5 19 -5 19 -7 19 -7 21 -10 20 -6 21 -9 21 -9 21 -11 23 -9 22 -9 19 -12 18 -12 18 -12 17 -12 18 -10 18 -13 17 -13 16 -13 18 0 0 -8 16 -15 15 -11 14 -10 18 -10 16 -10 17 -10 18 -10 15 -11 18 -9 17 -9 17 -7 17 -8 16 -8 14 -9 17 -4 16 -6 17 -6 17 -4 18 -5 16 -7 20 -6 18 -3 18 -4 20 -5 19 -1 21 0 0 0 0 0 0 0 0 0 0 ],1690358077.111203
CSI_DATA,AP,C8:F0:9E:F2:C2:EC,-77,11,0,0,0,0,0,0,0,0,0,-97,0,6,1,42682364,0,28,0,0,43.1126,128,[28 -64 1 0 0 0 0 0 0 0 0 0 5 -16 -1 -15 -1 -18 3 -20 -5 -10 -5 -16 -6 -18 0 -14 -2 -15 -12 -15 -8 -13 -5 -9 -2 -18 -8 -19 -15 -14 -10 -18 -10 -20 -11 -14 -8 -16 -8 -12 -10 -14 -12 -18 -10 -9 -11 -13 -11 -15 -15 -9 0 0 -10 -6 -14 -2 -9 -3 -28 -3 -15 6 -25 -15 -6 -11 -17 -2 -21 -14 19 -3 -14 1 -14 -13 -15 -7 -21 -8 -14 -1 -7 -9 -13 10 -13 7 -14 6 -13 8 -8 6 -9 10 -16 11 -15 14 -14 16 -10 17 0 0 0 0 0 0 0 0 0 0 ],1690358077.1581795
CSI_DATA,AP,C8:F0:9E:F2:C2:EC,-82,11,0,0,0,0,0,0,0,0,0,-97,0,6,1,48395753,0,28,0,0,48.7945,128,[28 -64 1 0 0 0 0 0 0 0 0 0 16 6 17 8 11 9 12 9 9 9 11 9 5 14 6 8 10 13 7 8 7 9 9 14 7 14 7 10 5 8 10 9 11 13 11 5 9 10 12 15 6 15 14 15 10 14 11 18 9 19 7 19 0 0 8 17 6 10 4 18 13 11 10 16 8 15 10 15 8 16 12 14 9 11 12 12 12 13 14 16 15 15 15 11 18 14 16 7 21 11 22 9 22 10 20 11 30 9 27 10 33 10 31 6 34 14 0 0 0 0 0 0 0 0 0 0 ],1690358082.8048866
CSI_DATA,AP,C8:F0:9E:F2:C2:EC,-82,11,0,0,0,0,0,0,0,0,0,-97,0,6,1,49354878,0,28,0,0,49.7536,128,[28 -64 1 0 0 0 0 0 0 0 0 0 17 -10 15 -6 17 0 18 5 16 3 17 4 18 6 12 10 11 8 13 7 12 10 14 10 13 12 12 14 9 14 3 10 10 13 10 18 10 15 8 17 5 14 3 9 8 16 6 15 8 11 8 10 0 0 10 13 7 15 9 12 8 6 8 10 14 7 9 10 11 10 13 12 16 7 15 5 15 6 15 5 19 10 20 6 18 0 20 1 18 2 27 1 25 0 28 -1 26 -1 25 2 34 2 31 -2 27 -2 0 0 0 0 0 0 0 0 0 0 ],1690358083.7683957
CSI_DATA,AP,C8:F0:9E:F2:C2:EC,-78,11,0,0,0,0,0,0,0,0,0,-97,0,6,1,52231121,0,28,0,0,52.6299,128,[28 -64 1 0 0 0 0 0 0 0 0 0 -9 -21 -6 -18 -3 -16 -6 -22 -5 -17 -3 -19 -5 -20 0 -19 -2 -22 -1 -19 2 -20 2 -24 3 -20 5 -20 4 -20 3 -21 3 -20 2 -20 6 -17 3 -15 3 -14 1 -18 1 -13 5 -17 5 -19 6 -15 0 0 1 -17 1 -22 1 -21 0 -21 0 -18 -3 -22 -1 -25 2 -24 -1 -19 3 -22 0 -23 4 -20 -1 -23 3 -20 -2 -20 0 -18 -2 -20 -1 -17 -3 -18 -7 -14 -4 -18 -8 -17 -9 -17 -11 -21 -11 -16 -13 -19 0 0 0 0 0 0 0 0 0 0 ],1690358086.65612
CSI_DATA,AP,C8:F0:9E:F2:C2:EC,-78,11,0,0,0,0,0,0,0,0,0,-97,0,6,1,53191297,0,28,0,0,53.59,128,[28 -64 1 0 0 0 0 0 0 0 0 0 5 -24 6 -23 5 -23 5 -21 6 -23 6 -19 5 -20 7 -23 8 -25 7 -23 3 -22 9 -20 8 -17 10 -17 11 -19 11 -20 7 -18 7 -17 8 -16 9 -21 10 -19 11 -14 7 -15 9 -19 7 -20 6 -17 0 0 4 -19 6 -18 6 -17 4 -19 6 -21 8 -21 4 -18 6 -20 3 -18 8 -22 5 -24 5 -22 1 -16 4 -19 5 -21 4 -21 3 -22 2 -23 0 -23 -2 -21 1 -22 -1 -23 0 -22 2 -28 -1 -23 2 -25 0 0 0 0 0 0 0 0 0 0 ],1690358087.6068337
CSI_DATA,AP,C8:F0:9E:F2:C2:EC,-81,11,0,0,0,0,0,0,0,0,0,-97,0,6,1,60818154,0,28,0,0,61.2169,128,[28 -64 1 0 0 0 0 0 0 0 0 0 3 -3 1 -1 -1 11 20 0 15 9 -3 18 11 11 18 8 14 15 10 18 16 10 6 9 13 20 10 13 5 16 11 10 10 14 7 13 5 12 7 12 10 10 -1 12 7 9 7 12 0 6 0 17 0 0 10 16 9 10 12 13 8 9 10 7 3 20 12 13 12 10 15 15 11 5 13 17 7 15 3 13 14 13 7 17 10 11 9 9 10 12 8 11 12 8 9 8 12 10 14 5 10 7 12 6 18 7 0 0 0 0 0 0 0 0 0 0 ],1690358095.2361915
CSI_DATA,AP,C8:F0:9E:F2:C2:EC,-80,11,0,0,0,0,0,0,0,0,0,-97,0,6,1,66547438,0,28,0,0,66.9462,128,[28 -64 1 0 0 0 0 0 0 0 0 0 -7 4 1 4 -16 13 -19 18 -5 -1 5 2 4 6 -8 12 -7 21 7 15 -8 13 -13 8 -10 14 -10 9 -12 6 -10 5 -6 9 -9 12 -9 10 -11 9 -8 10 -12 7 -8 7 -6 8 -9 11 -6 11 0 0 -6 11 -5 15 -2 16 -6 19 -5 17 -1 15 -3 18 -7 19 -5 17 -6 19 -5 22 -7 22 -6 23 -6 18 -8 16 -6 18 -6 19 -2 21 -2 21 -3 22 -3 17 1 18 -2 19 2 19 2 16 1 21 0 0 0 0 0 0 0 0 0 0 ],1690358100.962975
CSI_DATA,AP,C8:F0:9E:F2:C2:EC,-79,11,0,0,0,0,0,0,0,0,0,-97,0,6,1,67506702,0,28,0,0,67.9054,128,[28 -64 1 0 0 0 0 0 0 0 0 0 -15 -4 -15 -9 -21 -7 -16 -8 -17 -10 -18 -4 -15 -8 -17 -9 -19 -13 -19 -8 -21 -15 -19 -17 -17 -15 -18 -18 -17 -14 -16 -19 -14 -22 -15 -17 -12 -18 -10 -18 -8 -22 -8 -18 -13 -18 -14 -18 -16 -18 -16 -19 0 0 -14 -15 -14 -18 -15 -20 -17 -15 -18 -17 -16 -17 -15 -21 -14 -20 -18 -20 -18 -22 -18 -23 -20 -22 -17 -20 -17 -19 -16 -20 -19 -25 -16 -18 -16 -15 -18 -14 -21 -12 -16 -12 -17 -16 -16 -12 -19 -16 -21 -12 -23 -9 0 0 0 0 0 0 0 0 0 0 ],1690358101.9428158
CSI_DATA,AP,C8:F0:9E:F2:C2:EC,-85,11,0,0,0,0,0,0,0,0,0,-97,0,6,1,83700424,0,28,0,0,84.0992,128,[28 -64 1 0 0 0 0 0 0 0 0 0 -17 -1 -16 9 -27 5 -20 10 -20 0 -23 -2 -18 -4 -22 -7 -20 -7 -17 -10 -20 -8 -16 -10 -23 -10 -12 -8 -14 -12 -13 -4 -15 -6 -11 -2 -16 -9 -12 -5 -13 -7 -15 0 -9 -5 -16 -2 -17 1 -14 1 0 0 -5 1 -16 5 -13 3 -11 8 -14 3 -14 6 -12 6 -11 6 -14 9 -18 9 -13 8 -19 10 -19 4 -17 8 -16 6 -23 3 -19 2 -18 2 -19 4 -13 3 -19 4 -17 3 -13 5 -15 -1 -16 7 -11 10 0 0 0 0 0 0 0 0 0 0 ],1690358118.1270132
CSI_DATA,AP,C8:F0:9E:F2:C2:EC,-79,11,0,0,0,0,0,0,0,0,0,-97,0,6,1,92281479,0,28,0,0,92.6802,128,[28 -64 1 0 0 0 0 0 0 0 0 0 5 -18 6 -16 4 -19 2 -16 -3 -15 1 -15 -2 -19 1 -18 -1 -15 -2 -19 1 -25 2 -22 4 -23 1 -22 10 -20 4 -21 9 -21 8 -20 12 -18 12 -18 8 -19 11 -17 8 -15 12 -16 8 -16 10 -16 0 0 10 -17 8 -17 7 -20 5 -21 7 -18 7 -21 10 -19 6 -18 8 -24 11 -21 10 -19 10 -21 10 -19 9 -21 10 -17 12 -19 5 -19 6 -17 4 -19 2 -20 1 -21 1 -20 2 -24 2 -23 -1 -20 1 -25 0 0 0 0 0 0 0 0 0 0 ],1690358126.7013335
CSI_DATA,AP,C8:F0:9E:F2:C2:EC,-88,11,0,0,0,0,0,0,0,0,0,-97,0,6,1,97043100,0,28,0,0,97.4419,128,[28 -64 1 0 0 0 0 0 0 0 0 0 -9 3 -9 8 -11 6 -8 2 -7 1 -5 6 -5 3 -6 0 1 6 0 3 -1 -2 -5 9 -2 3 -1 2 0 4 -5 11 -2 4 -6 6 1 9 -6 13 -4 9 -7 9 -3 5 -1 10 -2 8 -9 11 0 0 -3 12 1 9 -2 11 4 8 0 13 -1 7 4 12 -2 13 -2 8 -3 8 2 10 1 7 3 2 3 2 4 -6 6 -6 8 -6 12 -6 14 -4 20 -10 14 -10 15 -18 18 -18 21 -17 20 -17 22 -16 0 0 0 0 0 0 0 0 0 0 ],1690358131.4635818
CSI_DATA,AP,C8:F0:9E:F2:C2:EC,-85,11,0,0,0,0,0,0,0,0,0,-97,0,6,1,98002047,0,28,0,0,98.4008,128,[28 -64 1 0 0 0 0 0 0 0 0 0 -8 -9 -6 -6 -5 -10 -10 -9 -6 -16 -2 -19 -3 -9 -3 -11 -7 -11 -1 -12 -2 -17 -3 -15 5 -15 5 -19 8 -18 8 -16 12 -10 5 -14 17 -14 17 -9 12 -14 12 -16 9 -6 13 -14 20 -15 14 -10 0 0 9 -11 13 -14 17 -22 13 -14 6 -16 9 -19 5 -18 8 -20 9 -15 13 -12 8 -20 4 -15 5 -19 3 -16 -1 -15 -2 -8 0 -18 -5 -11 -10 -12 -13 -3 -12 -10 -18 -7 -24 -10 -24 -11 -29 -14 -28 -11 0 0 0 0 0 0 0 0 0 0 ],1690358132.4311795
CSI_DATA,AP,C8:F0:9E:F2:C2:EC,-83,11,0,0,0,0,0,0,0,0,0,-97,0,6,1,103727345,0,28,0,0,104.126,128,[28 -64 1 0 0 0 0 0 0 0 0 0 17 -3 19 -1 15 -4 14 -3 19 -2 14 -6 15 1 22 -2 14 -3 15 -2 15 -1 17 3 19 2 17 1 17 1 13 4 17 9 18 1 11 5 13 8 16 2 11 2 8 0 14 1 20 4 14 2 0 0 16 2 19 0 18 6 20 7 18 3 15 9 17 6 23 3 18 5 17 4 25 5 25 6 19 4 21 3 18 1 25 3 26 2 23 -4 28 0 30 3 26 7 32 6 32 2 36 4 35 6 36 5 0 0 0 0 0 0 0 0 0 0 ],1690358138.1420717
CSI_DATA,AP,C8:F0:9E:F2:C2:EC,-83,11,0,0,0,0,0,0,0,0,0,-97,0,6,1,106585650,0,28,0,0,106.984,128,[28 -64 1 0 0 0 0 0 0 0 0 0 11 -4 5 0 2 -7 5 -2 2 -5 7 -19 17 -8 12 -4 18 -14 8 -8 11 -11 14 -8 4 -13 15 -12 8 -4 17 -16 16 -2 13 0 20 -15 24 -2 18 -9 13 -24 18 -4 14 -4 8 -4 11 -7 0 0 12 -14 14 -10 16 -16 11 -20 6 -12 7 -9 9 -13 8 -13 7 -10 5 -14 8 -13 3 -11 3 -12 3 -12 -5 -12 -3 -15 -5 -17 -5 -18 -8 -25 -9 -25 -12 -26 -10 -26 -14 -28 -16 -29 -16 -34 -14 -30 0 0 0 0 0 0 0 0 0 0 ],1690358141.0026042
CSI_DATA,AP,C8:F0:9E:F2:C2:EC,-83,11,0,0,0,0,0,0,0,0,0,-97,0,6,1,106589202,0,28,0,0,107.019,128,[28 -64 1 0 0 0 0 0 0 0 0 0 -10 -13 -5 -5 -4 -7 -9 -8 -4 -4 -14 -10 -14 -13 -7 -12 -13 -13 -11 -12 -11 -19 -6 -13 -10 -15 -11 -14 -9 -18 -11 -20 -5 -18 -5 -19 -9 -13 -8 -13 -8 -14 -5 -16 -7 -19 -10 -11 -8 -17 -5 -14 0 0 -5 -13 -8 -16 -10 -15 -11 -21 -11 -17 -9 -11 -10 -14 -9 -14 -9 -11 -13 -9 -15 -12 -14 -10 -15 -10 -11 -7 -13 -3 -14 -5 -16 -5 -23 -3 -23 -4 -29 -1 -27 1 -32 -4 -31 -4 -33 -3 -34 -2 -31 -6 0 0 0 0 0 0 0 0 0 0 ],1690358141.0611634
CSI_DATA,AP,C8:F0:9E:F2:C2:EC,-86,11,0,0,0,0,0,0,0,0,0,-97,0,6,1,113266914,0,28,0,0,113.666,128,[28 -64 1 0 0 0 0 0 0 0 0 0 1 -9 -1 -3 -1 2 1 3 -3 2 -5 -1 -6 2 -9 2 -10 2 -6 -1 -9 -4 -11 -3 -5 -6 -12 3 -6 -5 -11 -5 -9 -3 -10 -8 -10 -5 -2 -8 -7 -2 -10 -7 -12 -8 -10 -5 -12 -13 -8 -13 0 0 -10 -8 -13 -8 -8 -10 -13 -17 -10 -11 -14 -4 -7 -9 -19 -17 -10 -9 -16 -14 -13 -9 -15 -9 -15 -3 -10 -5 -15 1 -16 1 -17 -2 -17 -2 -20 3 -21 6 -25 1 -27 8 -31 1 -38 3 -35 8 -35 3 0 0 0 0 0 0 0 0 0 0 ],1690358147.6978185
CSI_DATA,AP,C8:F0:9E:F2:C2:EC,-86,11,0,0,0,0,0,0,0,0,0,-97,0,6,1,115180341,0,28,0,0,115.579,128,[28 -64 1 0 0 0 0 0 0 0 0 0 0 7 3 -3 6 1 6 4 8 6 9 3 5 6 14 0 11 10 11 13 19 5 11 8 12 12 10 10 7 13 11 8 9 8 8 15 3 19 7 11 10 18 10 18 6 13 7 21 14 18 6 14 0 0 14 18 11 17 8 11 12 24 2 14 6 13 5 11 10 17 12 15 6 9 13 15 6 7 6 3 3 -4 2 -4 7 0 9 4 7 -7 5 -18 5 -14 17 -7 18 -11 8 -18 21 -22 17 -15 16 -22 0 0 0 0 0 0 0 0 0 0 ],1690358149.6027696
CSI_DATA,AP,C8:F0:9E:F2:C2:EC,-85,11,0,0,0,0,0,0,0,0,0,-97,0,6,1,123794992,0,28,0,0,124.194,128,[28 -64 1 0 0 0 0 0 0 0 0 0 -10 -6 -16 -2 -20 -5 -16 -7 -11 -6 -5 -6 -16 -8 -14 -3 -12 -9 -7 -9 -16 -14 -14 -12 -14 -16 -16 -18 -12 -14 -12 -11 -9 -8 -11 -15 -5 -15 -11 -19 -17 -12 -5 -17 -7 -14 -3 -12 0 -7 -5 -8 0 0 -2 2 -12 -8 -7 -13 -16 -3 -5 4 -13 0 -10 6 -16 0 -14 -3 -22 -6 -16 14 -20 2 -17 5 -25 4 -16 -1 -6 14 -17 14 -17 19 -9 10 -20 23 -16 10 -20 30 -21 22 -24 24 -21 22 -21 23 0 0 0 0 0 0 0 0 0 0 ],1690358158.2258632
CSI_DATA,AP,C8:F0:9E:F2:C2:EC,-81,11,0,0,0,0,0,0,0,0,0,-97,0,6,1,126653626,0,28,0,0,127.052,128,[28 -64 1 0 0 0 0 0 0 0 0 0 0 -11 6 -17 2 -10 3 -18 3 -18 1 -17 3 -16 2 -19 5 -22 4 -17 8 -22 11 -24 14 -18 11 -23 12 -21 16 -21 17 -18 10 -17 16 -15 20 -14 17 -13 15 -17 15 -14 16 -7 24 -12 17 -10 0 0 12 -9 12 -7 11 -12 9 -11 9 -5 3 -10 4 -12 5 -11 2 -11 2 -14 0 -11 -3 -12 -8 -12 1 -15 -5 -12 -10 -14 -12 -18 -10 -10 -16 -13 -16 -16 -16 -8 -21 -14 -21 -19 -21 -16 -25 -10 -29 -12 0 0 0 0 0 0 0 0 0 0 ],1690358161.0850244
CSI_DATA,AP,C8:F0:9E:F2:C2:EC,-84,11,0,0,0,0,0,0,0,0,0,-97,0,6,1,129511483,0,28,0,0,129.91,128,[28 -64 1 0 0 0 0 0 0 0 0 0 -14 -7 -8 -3 -11 -3 -6 -4 -9 -4 -10 -7 -9 -7 -12 -10 -9 -11 -12 -10 -14 -7 -14 -6 -8 -17 -9 -11 -8 -10 -9 -14 -2 -16 -4 -16 -10 -17 0 -16 1 -16 -3 -21 -2 -17 2 -16 4 -18 0 -18 0 0 3 -15 5 -17 4 -19 0 -17 -2 -19 -2 -17 -1 -19 2 -9 2 -22 -1 -16 3 -21 -8 -21 -7 -17 3 -21 -1 -20 -1 -25 -8 -19 -6 -26 -11 -22 -9 -26 -5 -22 -13 -23 -15 -29 -14 -25 -11 -28 -9 -33 0 0 0 0 0 0 0 0 0 0 ],1690358163.9337142
CSI_DATA,AP,C8:F0:9E:F2:C2:EC,-87,11,0,0,0,0,0,0,0,0,0,-97,0,6,1,148564068,0,28,0,0,148.963,128,[28 -64 1 0 0 0 0 0 0 0 0 0 -10 -1 -8 3 -4 -3 -4 -8 -7 -2 -11 -2 -8 -2 -3 -7 -6 -6 -9 -7 -8 -10 -9 -10 -6 -14 -2 -9 -4 -15 2 -12 -3 -13 0 -14 -2 -14 4 -7 3 -10 4 -7 3 -13 -5 -5 3 -8 -2 -10 0 0 1 -12 -2 -6 -5 -15 -1 -16 -7 -10 -4 -12 5 -17 -1 -15 -4 -14 -4 -18 -1 -19 0 -20 -6 -12 2 -19 0 -19 -1 -14 -6 -17 -4 -13 -9 -15 -6 -17 -4 -17 -9 -11 -14 -13 -11 -19 -12 -19 -13 -17 0 0 0 0 0 0 0 0 0 0 ],1690358182.983103
CSI_DATA,AP,C8:F0:9E:F2:C2:EC,-88,11,0,0,0,0,0,0,0,0,0,-97,0,6,1,148566653,0,28,0,0,148.998,128,[28 -64 1 0 0 0 0 0 0 0 0 0 8 4 11 1 11 7 2 2 2 6 1 8 9 10 9 11 8 10 2 15 3 10 2 11 1 16 0 10 -3 9 -2 11 -4 10 -5 8 -6 14 -5 10 -3 11 -5 13 -10 8 -4 5 -3 12 -7 5 0 0 -6 4 -8 11 -11 10 -1 15 -2 13 -2 16 -9 14 -7 14 -8 10 -5 14 -7 12 -9 10 -7 14 -10 12 -6 13 2 15 -8 14 -2 14 3 16 0 12 -5 18 2 21 -1 17 -4 22 3 24 2 20 0 0 0 0 0 0 0 0 0 0 ],1690358183.0306451
CSI_DATA,AP,C8:F0:9E:F2:C2:EC,-83,11,0,0,0,0,0,0,0,0,0,-97,0,6,1,149527717,0,28,0,0,149.927,128,[28 -64 1 0 0 0 0 0 0 0 0 0 9 -9 13 -11 14 -10 15 -8 17 -11 20 -13 14 -9 21 -8 20 -8 15 -5 20 -9 25 -6 20 -3 24 2 22 -3 12 -1 13 6 17 -3 15 -3 15 1 19 5 13 1 16 -3 18 0 12 -2 14 1 0 0 18 -1 17 -4 12 -4 15 -6 18 -7 17 -9 15 -10 13 -10 15 -8 14 -13 17 -7 14 -8 18 -6 23 -8 18 -12 14 -13 17 -11 12 -17 14 -15 14 -11 20 -20 17 -18 12 -17 17 -19 21 -21 22 -20 0 0 0 0 0 0 0 0 0 0 ],1690358183.9505432
CSI_DATA,AP,C8:F0:9E:F2:C2:EC,-83,11,0,0,0,0,0,0,0,0,0,-97,0,6,1,152383890,0,28,0,0,152.783,128,[28 -64 1 0 0 0 0 0 0 0 0 0 12 0 10 -5 13 0 13 -2 12 -7 16 -5 13 -5 13 -6 16 3 21 3 22 0 11 1 25 5 17 6 20 5 19 10 18 12 12 10 15 10 17 13 18 14 14 17 14 10 16 15 17 13 17 12 0 0 13 11 18 9 16 16 11 10 14 12 16 9 18 13 20 13 18 15 16 6 20 12 16 8 17 11 17 12 15 8 20 9 14 4 20 2 20 7 23 -2 16 -3 19 1 23 -1 22 0 26 -2 28 2 0 0 0 0 0 0 0 0 0 0 ],1690358186.8073354
CSI_DATA,AP,C8:F0:9E:F2:C2:EC,-83,11,0,0,0,0,0,0,0,0,0,-97,0,6,1,158109992,0,28,0,0,158.509,128,[28 -64 1 0 0 0 0 0 0 0 0 0 -9 -4 -12 -9 -13 -6 -15 -11 -7 -2 -12 -8 -5 -4 0 -8 -9 -13 -4 -9 -1 -7 -3 -13 -9 -11 -7 -20 0 -10 -10 -18 3 -7 1 -6 6 -11 3 -10 2 -11 5 -11 0 -18 2 -12 -2 -15 0 -15 0 0 4 -20 -2 -15 -3 -22 6 -28 4 -19 3 -24 -3 -26 -1 -23 3 -17 19 -20 10 -32 17 -20 5 -19 17 -15 -5 -34 16 -14 6 -32 7 -18 7 -15 2 -24 7 -27 3 -22 14 -40 16 -30 14 -30 10 -39 0 0 0 0 0 0 0 0 0 0 ],1690358192.5417986
CSI_DATA,AP,C8:F0:9E:F2:C2:EC,-84,11,0,0,0,0,0,0,0,0,0,-97,0,6,1,158113368,0,28,0,0,158.543,128,[28 -64 1 0 0 0 0 0 0 0 0 0 -10 7 -10 0 -8 2 -13 6 -11 9 -10 7 -9 3 -11 3 -8 2 -15 2 -10 2 -9 1 -12 -4 -12 -4 -14 -2 -8 4 -7 2 -4 -1 -12 4 -7 -1 -14 -2 -10 -1 -12 1 -13 6 -14 3 -17 4 0 0 -15 3 -17 6 -19 2 -19 2 -11 2 -20 0 -16 3 -18 5 -24 1 -23 -5 -21 6 -22 4 -13 -5 -21 -2 -17 2 -21 4 -13 2 -11 4 -12 5 -17 10 -26 5 -19 10 -26 9 -32 16 -14 7 -24 6 0 0 0 0 0 0 0 0 0 0 ],1690358192.582465
CSI_DATA,AP,C8:F0:9E:F2:C2:EC,-84,11,0,0,0,0,0,0,0,0,0,-97,0,6,1,159071004,0,28,0,0,159.47,128,[28 -64 1 0 0 0 0 0 0 0 0 0 -5 -18 -2 -13 3 -24 -3 -20 1 -16 4 -19 8 -15 6 -12 6 -17 6 -18 11 -15 7 -14 12 -12 9 -15 9 -10 10 -17 9 -13 8 -12 5 -16 8 -5 2 -10 8 -9 5 -5 -2 -11 -3 -8 -1 -9 0 0 -4 -9 -6 -8 -2 -11 -7 -9 -4 -16 -7 -14 -12 -12 -10 -16 -10 -20 -7 -19 -10 -17 -12 -15 -9 -17 -11 -20 -17 -13 -15 -19 -19 -20 -21 -18 -23 -17 -19 -15 -20 -13 -25 -18 -29 -21 -24 -24 -21 -21 -28 -21 0 0 0 0 0 0 0 0 0 0 ],1690358193.5018861
CSI_DATA,AP,C8:F0:9E:F2:C2:EC,-83,11,0,0,0,0,0,0,0,0,0,-97,0,6,1,160990725,0,28,0,0,161.389,128,[28 -64 1 0 0 0 0 0 0 0 0 0 -4 -8 -7 -7 -9 -5 -6 -4 -4 -1 -6 -1 -4 -1 -11 3 -13 0 -13 -1 -12 -2 -16 -10 -16 -7 -10 -4 -16 -5 -18 -9 -20 -8 -15 -5 -16 -8 -17 -7 -10 -8 -14 -8 -14 -10 -13 -9 -11 -5 -12 -12 0 0 -16 -4 -14 -8 -13 -4 -20 1 -16 -1 -17 -2 -18 -1 -23 -3 -22 -4 -20 -3 -21 0 -16 0 -16 0 -15 5 -15 5 -21 2 -18 7 -23 9 -21 11 -23 7 -23 10 -29 6 -22 14 -30 15 -29 18 -30 12 0 0 0 0 0 0 0 0 0 0 ],1690358195.4225872
CSI_DATA,AP,C8:F0:9E:F2:C2:EC,-78,11,0,0,0,0,0,0,0,0,0,-97,0,6,1,165764111,0,28,0,0,166.163,128,[28 -64 1 0 0 0 0 0 0 0 0 0 9 18 9 20 5 20 6 22 8 20 6 21 8 24 4 21 4 22 5 24 4 23 7 22 2 24 0 22 1 22 1 21 1 22 -2 23 -1 19 -1 20 -5 15 0 17 -2 18 0 17 -2 18 1 18 0 0 2 14 1 14 5 13 4 12 6 13 5 13 9 10 9 14 8 12 7 13 9 13 12 11 11 13 12 12 11 9 12 10 13 11 14 10 14 10 18 10 15 11 18 10 18 6 17 10 17 8 15 7 0 0 0 0 0 0 0 0 0 0 ],1690358200.1771903
CSI_DATA,AP,C8:F0:9E:F2:C2:EC,-77,11,0,0,0,0,0,0,0,0,0,-97,0,6,1,166726664,0,28,0,0,167.125,128,[28 -64 1 0 0 0 0 0 0 0 0 0 -23 15 -22 13 -23 12 -21 12 -23 9 -26 8 -26 10 -23 7 -22 8 -22 8 -27 7 -26 6 -25 8 -25 4 -26 5 -26 5 -25 6 -27 4 -26 1 -26 2 -25 2 -23 3 -22 -1 -23 4 -22 1 -22 3 0 0 -21 -2 -19 1 -20 2 -18 2 -19 3 -16 3 -18 5 -16 5 -15 7 -13 7 -16 10 -16 7 -14 6 -16 4 -12 8 -15 12 -14 11 -15 10 -15 10 -12 13 -15 15 -15 14 -15 13 -13 17 -15 16 -13 14 0 0 0 0 0 0 0 0 0 0 ],1690358201.1526072
CSI_DATA,AP,C8:F0:9E:F2:C2:EC,-76,11,0,0,0,0,0,0,0,0,0,-97,0,6,1,166729523,0,28,0,0,167.16,128,[28 -64 1 0 0 0 0 0 0 0 0 0 -8 -27 -6 -24 -5 -26 -6 -26 -6 -24 -3 -26 -3 -24 -2 -27 -3 -27 -2 -25 -3 -29 -4 -26 -3 -28 -1 -28 -1 -27 1 -27 -1 -29 1 -23 1 -27 1 -25 1 -25 3 -24 3 -22 2 -21 0 -22 1 -21 0 0 0 -21 0 -22 0 -18 1 -20 -1 -20 -3 -16 -4 -19 -4 -18 -4 -18 -4 -15 -6 -18 -6 -16 -6 -18 -9 -17 -10 -15 -10 -15 -11 -14 -12 -15 -11 -13 -14 -12 -12 -16 -16 -15 -14 -13 -16 -14 -16 -16 -14 -14 0 0 0 0 0 0 0 0 0 0 ],1690358201.1907094
CSI_DATA,AP,C8:F0:9E:F2:C2:EC,-77,11,0,0,0,0,0,0,0,0,0,-97,0,6,1,167690978,0,28,0,0,168.09,128,[28 -64 1 0 0 0 0 0 0 0 0 0 14 12 11 10 15 13 17 13 14 15 14 14 15 12 14 14 15 10 16 11 14 17 15 19 13 18 14 20 12 15 13 15 13 19 10 18 11 18 10 17 11 18 12 20 9 20 11 21 9 21 8 20 0 0 10 15 9 14 8 15 9 13 11 15 9 11 15 13 13 10 13 10 14 10 13 12 13 7 12 7 14 6 15 6 16 7 17 4 18 4 19 2 18 1 18 2 20 -1 21 1 22 -1 19 0 20 3 0 0 0 0 0 0 0 0 0 0 ],1690358202.117152
CSI_DATA,AP,C8:F0:9E:F2:C2:EC,-78,11,0,0,0,0,0,0,0,0,0,-97,0,6,1,169604620,0,28,0,0,170.003,128,[28 -64 1 0 0 0 0 0 0 0 0 0 -11 14 -17 14 -19 12 -17 13 -17 14 -19 12 -17 13 -19 7 -18 9 -19 10 -20 9 -22 9 -22 9 -23 11 -20 6 -22 5 -20 7 -21 6 -20 4 -22 4 -18 4 -19 3 -19 2 -17 4 -17 4 -15 3 0 0 -16 6 -14 9 -14 6 -11 7 -11 8 -10 8 -10 9 -10 9 -8 12 -9 12 -7 13 -6 15 -8 16 -7 14 -5 18 -4 17 -3 21 -3 19 -1 19 -1 19 -2 20 -3 19 -2 26 -2 23 -1 24 0 26 0 0 0 0 0 0 0 0 0 0 ],1690358204.032554
CSI_DATA,AP,C8:F0:9E:F2:C2:EC,-77,11,0,0,0,0,0,0,0,0,0,-97,0,6,1,170567424,0,28,0,0,170.966,128,[28 -64 1 0 0 0 0 0 0 0 0 0 -18 9 -21 8 -18 9 -26 6 -20 6 -22 5 -22 10 -21 4 -24 7 -22 6 -26 7 -25 2 -25 3 -27 2 -21 2 -23 3 -22 0 -25 4 -22 1 -26 -4 -21 -2 -25 -3 -22 -3 -26 0 -24 -2 -22 -5 0 0 -23 0 -21 2 -22 2 -22 4 -22 5 -23 4 -23 8 -25 7 -23 4 -21 6 -26 6 -25 6 -23 8 -23 8 -20 8 -24 7 -19 9 -19 9 -20 11 -21 10 -20 15 -20 12 -18 17 -20 19 -19 17 -19 15 0 0 0 0 0 0 0 0 0 0 ],1690358204.9986777
CSI_DATA,AP,C8:F0:9E:F2:C2:EC,-77,11,0,0,0,0,0,0,0,0,0,-97,0,6,1,171524637,0,28,0,0,171.923,128,[28 -64 1 0 0 0 0 0 0 0 0 0 -2 17 -2 17 0 15 -2 16 -5 17 -2 18 -3 21 -3 19 -5 20 -5 19 -8 23 -5 23 -10 22 -10 22 -14 22 -14 22 -10 20 -13 19 -13 19 -15 18 -16 17 -14 20 -12 17 -10 16 -12 16 -15 17 0 0 -12 13 -13 16 -11 18 -11 15 -10 14 -8 16 -10 14 -6 17 -8 14 -6 20 -7 19 -6 15 -6 17 -7 19 -5 19 -3 22 -6 21 -5 23 -6 23 -4 23 -1 23 -5 27 -5 25 -1 27 -3 24 -4 24 0 0 0 0 0 0 0 0 0 0 ],1690358205.9464526
CSI_DATA,AP,C8:F0:9E:F2:C2:EC,-78,11,0,0,0,0,0,0,0,0,0,-97,0,6,1,173445876,0,28,0,0,173.845,128,[28 -64 1 0 0 0 0 0 0 0 0 0 18 -8 16 -4 17 -6 15 -2 17 -2 16 -1 18 -5 18 -5 18 -7 20 -2 18 -2 22 -2 25 -2 22 0 23 0 22 -2 20 1 21 1 24 3 21 5 18 4 20 6 20 6 20 1 19 3 21 3 0 0 18 3 18 6 21 2 22 1 21 1 21 3 22 0 22 2 21 2 20 4 26 2 23 1 23 1 21 4 22 3 24 2 21 -1 22 -1 23 0 25 1 24 -1 24 1 23 -4 24 -2 26 -5 24 -4 0 0 0 0 0 0 0 0 0 0 ],1690358207.8685749
CSI_DATA,AP,C8:F0:9E:F2:C2:EC,-78,11,0,0,0,0,0,0,0,0,0,-97,0,6,1,173448848,0,28,0,0,173.874,128,[28 -64 1 0 0 0 0 0 0 0 0 0 -1 -22 5 -17 10 -18 7 -18 8 -15 11 -14 5 -14 8 -18 5 -11 11 -17 4 -21 5 -19 7 -19 12 -16 9 -17 9 -23 13 -21 18 -19 14 -21 11 -15 13 -17 16 -13 11 -17 14 -11 9 -13 12 -13 0 0 12 -12 12 -19 5 -17 10 -18 14 -24 11 -18 9 -19 14 -19 11 -22 14 -23 14 -21 11 -22 10 -18 9 -21 11 -23 12 -23 4 -22 10 -18 7 -21 11 -23 5 -26 2 -27 6 -24 8 -24 8 -26 6 -25 0 0 0 0 0 0 0 0 0 0 ],1690358207.9111187
CSI_DATA,AP,C8:F0:9E:F2:C2:EC,-81,11,0,0,0,0,0,0,0,0,0,-97,0,6,1,174410064,0,28,0,0,174.809,128,[28 -64 1 0 0 0 0 0 0 0 0 0 -18 12 -12 11 -18 10 -20 7 -14 7 -14 9 -10 6 -15 10 -16 5 -10 9 -10 11 -11 10 -15 8 -13 8 -16 14 -15 12 -14 8 -10 10 -18 9 -16 10 -20 9 -14 9 -17 10 -17 13 -16 10 -23 10 0 0 -20 13 -19 7 -16 8 -19 13 -18 13 -17 10 -20 11 -15 11 -17 16 -16 11 -20 12 -19 17 -16 15 -15 13 -19 15 -16 16 -15 15 -16 15 -18 21 -16 23 -17 20 -16 22 -15 25 -17 25 -16 29 -22 29 0 0 0 0 0 0 0 0 0 0 ],1690358208.831876
CSI_DATA,AP,C8:F0:9E:F2:C2:EC,-77,11,0,0,0,0,0,0,0,0,0,-97,0,6,1,176323995,0,28,0,0,176.723,128,[28 -64 1 0 0 0 0 0 0 0 0 0 8 -12 8 -14 6 -15 9 -14 7 -12 7 -8 7 -14 7 -10 8 -13 9 -13 9 -11 11 -13 10 -14 7 -14 9 -12 12 -15 10 -14 10 -15 10 -15 11 -9 11 -15 10 -11 18 -11 14 -16 15 -11 17 -11 0 0 16 -12 12 -12 17 -12 15 -7 17 -8 19 -6 9 -8 16 -11 13 -17 14 -17 14 -15 14 -12 14 -10 14 -12 13 -12 14 -12 14 -14 12 -12 13 -13 11 -14 12 -14 9 -18 12 -15 11 -17 12 -17 11 -16 0 0 0 0 0 0 0 0 0 0 ],1690358210.747887
CSI_DATA,AP,C8:F0:9E:F2:C2:EC,-78,11,0,0,0,0,0,0,0,0,0,-97,0,6,1,176330131,0,28,0,0,176.758,128,[28 -64 1 0 0 0 0 0 0 0 0 0 1 22 -2 20 0 14 0 17 -1 15 0 16 -2 19 -3 17 1 16 -1 18 1 20 -1 24 -3 24 -5 21 -4 22 -4 23 -3 22 -6 24 -7 24 -6 21 -11 25 -6 23 -8 21 -9 24 -8 23 -8 21 0 0 -6 23 -6 23 -4 24 -9 24 -7 20 -5 22 -5 21 -8 23 -7 22 -6 22 -4 22 -3 22 -5 20 -6 22 -3 21 -4 22 -1 23 1 21 -4 21 0 24 -2 23 -1 23 0 21 2 25 3 22 6 24 0 0 0 0 0 0 0 0 0 0 ],1690358210.7953002
CSI_DATA,AP,C8:F0:9E:F2:C2:EC,-78,11,0,0,0,0,0,0,0,0,0,-97,0,6,1,177283191,0,28,0,0,177.682,128,[28 -64 1 0 0 0 0 0 0 0 0 0 8 17 3 17 4 18 4 15 3 17 4 14 4 18 4 13 4 13 5 16 2 20 0 19 3 19 4 18 -2 17 1 20 1 18 0 23 -1 19 1 24 0 19 0 23 -3 22 -3 23 -4 19 -4 21 0 0 -5 22 -3 24 -4 19 -7 25 -4 21 -4 23 -3 23 -5 21 -4 21 -6 21 -8 22 -7 21 -9 20 -4 18 -1 22 -3 20 -2 21 -2 20 -3 23 1 19 -1 21 4 22 2 23 0 24 -1 24 5 23 0 0 0 0 0 0 0 0 0 0 ],1690358211.7063444
CSI_DATA,AP,C8:F0:9E:F2:C2:EC,-74,11,0,0,0,0,0,0,0,0,0,-97,0,6,1,177285381,0,28,0,0,177.712,128,[28 -64 1 0 0 0 0 0 0 0 0 0 -19 12 -9 6 -4 11 -1 20 -8 12 -14 4 -12 3 -5 5 -12 17 -17 10 -12 18 -4 12 -12 7 -12 9 -17 7 -14 11 -22 9 -5 14 -13 3 -8 9 -11 16 -18 10 -18 2 -8 12 -14 16 -8 18 0 0 -17 15 -6 15 -18 20 -3 11 -16 10 -10 13 -1 8 -3 35 -19 -7 -7 22 -22 10 -18 14 -7 25 -12 16 -5 13 -11 15 -3 11 -8 19 -5 15 4 18 2 19 -5 27 2 12 8 28 6 19 5 26 0 0 0 0 0 0 0 0 0 0 ],1690358211.738041
CSI_DATA,AP,C8:F0:9E:F2:C2:EC,-84,11,1,3,1,1,1,0,0,0,0,-97,0,6,1,177285856,0,157,0,0,177.752,384,[-99 -48 9 0 0 0 0 0 0 0 0 0 -10 -4 -10 -5 -7 -4 -7 -9 -6 -6 -7 -8 -8 -2 -6 -6 -9 -6 -13 -7 -9 -12 -11 -6 -8 -11 -11 -7 -7 -14 -5 -10 -9 -11 -9 -10 -7 -9 -9 -9 -9 -15 -8 -14 -6 -10 -12 -13 -8 -15 -5 -13 0 0 -7 -14 -8 -13 -9 -15 -6 -12 -8 -12 -7 -12 -9 -14 -6 -13 -10 -18 -10 -9 -5 -10 -3 -11 -5 -13 -8 -13 -8 -10 -5 -12 -6 -11 -12 -12 -8 -10 -10 -9 -10 -15 -10 -10 -12 -13 -12 -10 -12 -10 -11 -7 0 0 0 0 0 0 0 0 0 0 ],1690358211.785608
CSI_DATA,AP,C8:F0:9E:F2:C2:EC,-78,11,0,0,0,0,0,0,0,0,0,-97,0,6,1,179204086,0,28,0,0,179.603,128,[28 -64 1 0 0 0 0 0 0 0 0 0 -10 17 -12 17 -13 15 -13 15 -9 15 -11 13 -10 18 -14 15 -13 19 -12 19 -15 17 -11 18 -17 18 -16 17 -18 16 -16 17 -19 20 -20 17 -22 16 -23 14 -23 11 -18 16 -17 12 -19 13 -20 14 -20 14 0 0 -20 10 -17 11 -19 12 -14 11 -14 10 -16 12 -16 16 -19 12 -15 11 -16 15 -20 13 -14 13 -15 14 -14 14 -11 12 -14 14 -12 15 -12 15 -10 13 -9 13 -11 17 -7 19 -12 16 -7 17 -8 19 -10 20 0 0 0 0 0 0 0 0 0 0 ],1690358213.6331525
CSI_DATA,AP,C8:F0:9E:F2:C2:EC,-78,11,0,0,0,0,0,0,0,0,0,-97,0,6,1,180165157,0,28,0,0,180.564,128,[28 -64 1 0 0 0 0 0 0 0 0 0 13 -12 11 -15 14 -11 14 -17 12 -14 14 -15 16 -11 10 -11 15 -14 15 -11 17 -10 17 -14 19 -11 16 -14 21 -9 22 -7 19 -7 17 -7 19 -7 19 -6 18 -7 23 -4 23 -5 23 -7 21 -8 19 -6 0 0 21 -5 21 -4 19 -3 19 -6 18 -4 16 -5 14 -3 18 -6 18 -3 20 -7 18 -5 18 -8 16 -8 20 -8 17 -8 19 -10 16 -8 15 -10 17 -14 16 -13 16 -14 16 -13 17 -16 21 -13 16 -15 20 -16 0 0 0 0 0 0 0 0 0 0 ],1690358214.583998
CSI_DATA,AP,C8:F0:9E:F2:C2:EC,-78,11,0,0,0,0,0,0,0,0,0,-97,0,6,1,181118564,0,28,0,0,181.517,128,[28 -64 1 0 0 0 0 0 0 0 0 0 -2 -15 1 -17 -2 -14 0 -20 -4 -14 0 -19 3 -17 0 -22 2 -16 -3 -20 0 -22 2 -21 5 -21 3 -20 5 -23 9 -19 8 -21 2 -17 7 -20 5 -19 7 -18 7 -20 5 -15 5 -19 5 -20 8 -19 0 0 8 -19 5 -19 8 -21 2 -21 7 -20 4 -21 5 -23 7 -22 5 -20 5 -22 4 -23 7 -22 7 -27 5 -26 3 -20 9 -24 3 -24 3 -23 5 -24 2 -22 8 -25 2 -23 0 -22 1 -29 -1 -25 1 -28 0 0 0 0 0 0 0 0 0 0 ],1690358215.5437686
CSI_DATA,AP,C8:F0:9E:F2:C2:EC,-77,11,0,0,0,0,0,0,0,0,0,-97,0,6,1,181121330,0,28,0,0,181.55,128,[28 -64 1 0 0 0 0 0 0 0 0 0 -1 -17 0 -19 -2 -17 0 -19 0 -13 1 -16 1 -16 3 -19 2 -20 2 -17 5 -21 4 -20 7 -21 8 -20 7 -18 9 -15 8 -17 9 -17 6 -18 7 -17 8 -17 11 -15 7 -17 8 -19 10 -18 8 -19 0 0 6 -18 8 -18 7 -19 5 -19 6 -18 7 -20 5 -19 4 -20 2 -19 11 -24 6 -21 7 -19 3 -21 4 -21 6 -22 6 -23 7 -23 3 -22 3 -20 4 -22 2 -21 5 -24 1 -21 -1 -22 2 -22 0 -23 0 0 0 0 0 0 0 0 0 0 ],1690358215.5814357
CSI_DATA,AP,C8:F0:9E:F2:C2:EC,-77,11,0,0,0,0,0,0,0,0,0,-97,0,6,1,184942187,0,28,0,0,185.341,128,[28 -64 1 0 0 0 0 0 0 0 0 0 19 6 13 8 16 9 14 12 11 12 16 11 13 14 13 12 14 12 14 9 17 10 13 12 13 13 15 14 14 10 13 13 13 13 10 15 13 15 13 17 10 16 12 16 11 13 12 15 8 16 10 14 0 0 10 16 8 12 13 14 8 15 11 14 13 14 10 11 16 12 12 12 12 14 13 17 16 12 16 13 14 15 18 15 17 16 16 12 16 15 15 16 17 11 14 13 20 11 18 12 20 16 22 15 21 14 0 0 0 0 0 0 0 0 0 0 ],1690358219.374269
CSI_DATA,AP,C8:F0:9E:F2:C2:EC,-77,11,0,0,0,0,0,0,0,0,0,-97,0,6,1,185903217,0,28,0,0,186.302,128,[28 -64 1 0 0 0 0 0 0 0 0 0 23 3 19 4 17 4 21 8 17 5 18 8 17 5 21 5 16 6 16 8 24 8 22 7 20 10 20 10 24 9 18 12 23 12 18 12 23 13 19 12 19 11 17 16 14 11 17 13 16 16 14 15 0 0 16 11 15 12 18 10 12 10 16 8 16 6 17 7 15 7 17 6 14 7 17 5 14 6 17 4 18 4 12 3 18 2 18 -1 19 1 19 0 17 -1 22 -3 20 -5 19 -2 21 -5 20 -4 23 -6 0 0 0 0 0 0 0 0 0 0 ],1690358220.3160717
CSI_DATA,AP,C8:F0:9E:F2:C2:EC,-77,11,0,0,0,0,0,0,0,0,0,-97,0,6,1,187809219,0,28,0,0,188.208,128,[28 -64 1 0 0 0 0 0 0 0 0 0 -13 -14 -14 -16 -10 -14 -13 -18 -9 -15 -11 -16 -6 -16 -11 -13 -11 -16 -8 -17 -12 -16 -12 -17 -12 -19 -10 -21 -10 -16 -12 -18 -11 -19 -13 -18 -11 -21 -6 -21 -9 -18 -8 -21 -9 -17 -9 -20 -10 -21 -9 -23 0 0 -10 -18 -10 -19 -11 -17 -10 -17 -11 -18 -12 -18 -18 -19 -11 -16 -14 -20 -12 -17 -15 -18 -13 -18 -16 -17 -15 -18 -14 -16 -13 -16 -16 -16 -14 -17 -16 -15 -15 -13 -16 -13 -19 -11 -18 -10 -20 -12 -20 -11 -20 -14 0 0 0 0 0 0 0 0 0 0 ],1690358222.2498991
CSI_DATA,AP,C8:F0:9E:F2:C2:EC,-77,11,0,0,0,0,0,0,0,0,0,-97,0,6,1,188765166,0,28,0,0,189.164,128,[28 -64 1 0 0 0 0 0 0 0 0 0 -20 0 -23 -2 -21 -5 -22 -2 -21 -4 -22 -1 -21 2 -22 -2 -22 -2 -19 -4 -23 -2 -23 -3 -25 -3 -24 -5 -22 -6 -25 -10 -25 -6 -25 -9 -26 -10 -24 -10 -21 -9 -23 -12 -23 -11 -24 -12 -23 -13 -25 -11 0 0 -19 -10 -19 -7 -20 -10 -20 -7 -20 -7 -18 -5 -20 -6 -19 -4 -20 -6 -19 -3 -22 -6 -20 -2 -21 -3 -19 -3 -19 -3 -21 -2 -20 -1 -19 1 -20 2 -19 1 -20 2 -21 4 -20 4 -24 5 -22 7 -25 5 0 0 0 0 0 0 0 0 0 0 ],1690358223.1992164
CSI_DATA,AP,C8:F0:9E:F2:C2:EC,-77,11,0,0,0,0,0,0,0,0,0,-97,0,6,1,189725204,0,28,0,0,190.124,128,[28 -64 1 0 0 0 0 0 0 0 0 0 16 5 16 4 17 1 19 3 13 3 18 2 16 2 15 0 20 2 18 2 22 6 18 3 20 6 20 4 19 5 19 8 24 9 17 10 22 9 19 10 20 9 18 11 16 11 20 12 21 10 17 14 0 0 16 10 14 9 15 9 14 8 14 8 16 6 16 7 16 3 16 5 16 4 17 2 15 3 13 3 18 -1 18 2 18 2 16 3 19 0 23 1 20 0 24 -2 22 -4 24 -3 25 -4 25 0 26 -2 0 0 0 0 0 0 0 0 0 0 ],1690358224.1488914
CSI_DATA,AP,C8:F0:9E:F2:C2:EC,-77,11,0,0,0,0,0,0,0,0,0,-97,0,6,1,192596940,0,28,0,0,192.996,128,[28 -64 1 0 0 0 0 0 0 0 0 0 -14 -23 -6 -19 -8 -22 -11 -18 -9 -22 -7 -19 -8 -19 -7 -20 -10 -19 -7 -21 -9 -20 -8 -25 -5 -26 -4 -21 -4 -18 -7 -22 -3 -21 -7 -23 -7 -22 -7 -20 -1 -19 -7 -20 -3 -19 -4 -21 -5 -25 -4 -19 0 0 -7 -22 -8 -20 -12 -20 -9 -22 -8 -20 -10 -16 -13 -22 -11 -19 -11 -20 -10 -19 -14 -23 -12 -22 -14 -23 -13 -24 -11 -22 -13 -23 -13 -24 -13 -22 -13 -21 -15 -22 -17 -20 -16 -19 -15 -21 -18 -18 -16 -17 -15 -18 0 0 0 0 0 0 0 0 0 0 ],1690358227.025779
CSI_DATA,AP,C8:F0:9E:F2:C2:EC,-77,11,0,0,0,0,0,0,0,0,0,-97,0,6,1,192599382,0,28,0,0,193.036,128,[28 -64 1 0 0 0 0 0 0 0 0 0 -13 -17 -14 -16 -12 -19 -13 -18 -14 -23 -11 -14 -14 -14 -8 -19 -11 -17 -11 -20 -11 -23 -11 -20 -12 -16 -4 -20 -7 -20 -8 -21 -5 -24 -9 -20 -8 -22 -5 -25 -7 -19 -5 -21 -9 -22 -8 -22 -8 -23 -5 -20 0 0 -7 -19 -7 -20 -9 -19 -7 -19 -12 -20 -11 -21 -12 -22 -10 -22 -14 -21 -12 -23 -13 -23 -10 -21 -12 -20 -12 -22 -13 -23 -13 -22 -12 -24 -13 -24 -12 -23 -14 -23 -14 -25 -12 -21 -13 -20 -16 -21 -11 -20 -14 -18 0 0 0 0 0 0 0 0 0 0 ],1690358227.073634
CSI_DATA,AP,C8:F0:9E:F2:C2:EC,-77,11,0,0,0,0,0,0,0,0,0,-97,0,6,1,196435709,0,28,0,0,196.834,128,[28 -64 1 0 0 0 0 0 0 0 0 0 -24 4 -24 3 -25 1 -26 2 -28 3 -25 -1 -26 -1 -23 -2 -26 -1 -27 -1 -30 -4 -28 -2 -27 -5 -23 -3 -24 -6 -24 -5 -24 -8 -24 -5 -22 -5 -20 -8 -23 -6 -21 -2 -17 -3 -22 -5 -21 -3 -22 -4 0 0 -21 -3 -24 -1 -22 -3 -22 3 -23 1 -24 -1 -25 -1 -23 -1 -23 2 -25 -2 -25 -1 -24 -2 -25 -1 -27 0 -22 -3 -25 1 -23 -3 -21 1 -22 4 -19 4 -19 2 -19 2 -19 3 -24 7 -19 4 -19 5 0 0 0 0 0 0 0 0 0 0 ],1690358230.865331
CSI_DATA,AP,C8:F0:9E:F2:C2:EC,-77,11,0,0,0,0,0,0,0,0,0,-97,0,6,1,197391747,0,28,0,0,197.79,128,[28 -64 1 0 0 0 0 0 0 0 0 0 1 22 -2 23 -2 20 -3 24 -2 19 -2 19 -2 21 -4 22 -6 20 -2 21 -5 20 -4 22 -4 22 -4 19 -3 20 -4 17 -4 21 -4 17 -6 18 -2 19 -4 18 -3 20 -2 17 -3 19 -5 19 -3 21 0 0 -1 21 -4 20 -4 22 -2 18 -1 21 -2 22 0 22 -1 23 0 22 -1 20 -1 22 -5 20 -3 23 -2 22 -1 21 -2 23 0 17 1 22 3 20 4 19 3 22 4 19 2 16 5 18 6 20 6 23 0 0 0 0 0 0 0 0 0 0 ],1690358231.8178086
CSI_DATA,AP,C8:F0:9E:F2:C2:EC,-77,11,0,0,0,0,0,0,0,0,0,-97,0,6,1,197394441,0,28,0,0,197.822,128,[28 -64 1 0 0 0 0 0 0 0 0 0 -18 18 -18 18 -18 14 -20 14 -18 14 -18 13 -20 13 -18 10 -20 12 -19 12 -21 11 -17 12 -21 8 -19 10 -18 8 -21 10 -20 11 -18 7 -22 10 -18 7 -19 7 -19 8 -18 12 -17 8 -18 11 -21 11 0 0 -18 10 -19 10 -20 11 -18 10 -18 9 -22 9 -20 12 -19 11 -16 12 -22 10 -23 11 -18 12 -22 12 -17 7 -18 10 -22 11 -18 12 -19 11 -19 12 -15 12 -15 12 -16 12 -15 11 -17 15 -11 13 -15 14 0 0 0 0 0 0 0 0 0 0 ],1690358231.856702
CSI_DATA,AP,C8:F0:9E:F2:C2:EC,-77,11,0,0,0,0,0,0,0,0,0,-97,0,6,1,198348806,0,28,0,0,198.748,128,[28 -64 1 0 0 0 0 0 0 0 0 0 -19 -16 -17 -18 -16 -20 -15 -18 -16 -17 -17 -17 -11 -16 -10 -17 -12 -13 -10 -15 -13 -14 -18 -15 -12 -14 -17 -17 -11 -16 -13 -17 -15 -19 -11 -16 -9 -18 -12 -17 -13 -14 -13 -18 -12 -16 -15 -16 -14 -17 -14 -18 0 0 -13 -17 -15 -17 -16 -16 -14 -14 -15 -17 -19 -20 -16 -21 -16 -17 -15 -23 -13 -23 -14 -22 -16 -20 -19 -19 -16 -19 -14 -18 -18 -20 -12 -18 -15 -21 -11 -19 -16 -17 -16 -17 -13 -15 -16 -14 -20 -14 -20 -13 -19 -15 0 0 0 0 0 0 0 0 0 0 ],1690358232.7798984
CSI_DATA,AP,C8:F0:9E:F2:C2:EC,-77,11,0,0,0,0,0,0,0,0,0,-97,0,6,1,198351593,0,28,0,0,198.789,128,[28 -64 1 0 0 0 0 0 0 0 0 0 -16 -19 -13 -16 -14 -16 -12 -20 -10 -17 -10 -20 -9 -14 -9 -17 -13 -19 -8 -20 -8 -22 -11 -21 -5 -21 -10 -18 -5 -17 -8 -23 -12 -19 -9 -20 -5 -22 -4 -19 -5 -22 -6 -20 -6 -17 -7 -23 -9 -22 -9 -21 0 0 -4 -23 -9 -20 -12 -22 -7 -24 -7 -25 -9 -22 -8 -23 -9 -27 -7 -25 -7 -29 -4 -28 -4 -27 -7 -25 -5 -23 -4 -25 -6 -27 0 -22 -5 -23 -7 -24 -6 -22 -4 -22 -7 -22 -6 -24 -7 -21 -10 -18 -11 -21 0 0 0 0 0 0 0 0 0 0 ],1690358232.827729
CSI_DATA,AP,C8:F0:9E:F2:C2:EC,-83,11,1,2,1,1,1,0,0,0,0,-97,0,6,1,198352911,0,157,0,0,198.835,384,[-99 -48 9 0 0 0 0 0 0 0 0 0 -1 -14 -2 -17 -1 -12 -1 -16 -1 -15 -2 -16 2 -13 -1 -13 3 -12 0 -10 4 -16 1 -14 4 -16 4 -15 4 -12 3 -13 1 -12 1 -16 5 -12 7 -16 7 -15 4 -13 5 -15 6 -18 5 -15 3 -17 0 0 5 -10 5 -18 3 -21 6 -18 5 -16 7 -18 9 -19 6 -18 3 -17 4 -16 8 -16 9 -19 7 -16 9 -18 11 -16 8 -16 8 -17 12 -16 7 -17 7 -15 7 -13 2 -13 6 -14 5 -16 6 -16 2 -18 0 0 0 0 0 0 0 0 0 0 ],1690358232.8755927
CSI_DATA,AP,C8:F0:9E:F2:C2:EC,-76,11,0,0,0,0,0,0,0,0,0,-97,0,6,1,202183217,0,28,0,0,202.582,128,[28 -64 1 0 0 0 0 0 0 0 0 0 -25 0 -23 4 -24 2 -26 1 -22 0 -24 0 -26 0 -23 -3 -24 -1 -24 -2 -26 -2 -23 -3 -25 0 -26 -4 -24 -5 -23 -2 -23 -4 -19 -4 -22 -5 -20 -4 -18 -6 -16 -6 -19 -4 -16 -4 -20 -4 -19 -5 0 0 -20 0 -18 -1 -22 -1 -19 3 -20 0 -21 2 -24 1 -23 4 -22 3 -21 3 -24 3 -21 1 -25 2 -24 0 -21 0 -26 3 -25 2 -23 3 -22 2 -20 5 -23 5 -23 3 -22 6 -21 5 -22 6 -22 7 0 0 0 0 0 0 0 0 0 0 ],1690358236.6054974
CSI_DATA,AP,C8:F0:9E:F2:C2:EC,-81,11,1,2,1,1,1,0,0,0,0,-97,0,6,1,202186638,0,157,0,0,202.616,384,[-99 -48 9 0 0 0 0 0 0 0 0 0 14 6 15 9 11 12 6 13 4 11 13 8 11 9 12 11 12 13 11 11 12 14 8 12 11 14 11 12 12 13 9 14 12 18 11 19 11 12 9 10 5 12 9 9 9 9 9 11 15 10 10 9 0 0 12 6 13 7 16 5 13 8 11 5 16 3 17 6 16 6 13 4 14 4 17 2 16 3 17 3 18 3 14 4 18 5 18 -1 15 1 12 1 14 0 16 -1 18 0 15 1 17 -3 17 2 13 -4 0 0 0 0 0 0 0 0 0 0 ],1690358236.6373906
CSI_DATA,AP,C8:F0:9E:F2:C2:EC,-77,11,0,0,0,0,0,0,0,0,0,-97,0,6,1,203143621,0,28,0,0,203.542,128,[28 -64 1 0 0 0 0 0 0 0 0 0 3 20 -1 22 -5 22 -3 21 -2 20 -4 19 -4 19 -3 16 -3 17 -3 18 -2 16 -3 22 -3 19 -5 17 -9 20 -7 21 -4 21 -6 21 -8 23 -11 20 -9 20 -7 21 -9 21 -10 22 -7 23 -10 20 0 0 -9 20 -8 20 -10 19 -8 19 -7 23 -8 20 -6 22 -9 21 -8 20 -7 15 -9 21 -9 22 -8 21 -7 21 -7 18 -5 19 -3 20 -5 20 -1 23 0 19 -1 21 1 22 0 19 3 21 2 21 2 22 0 0 0 0 0 0 0 0 0 0 ],1690358237.564487
CSI_DATA,AP,C8:F0:9E:F2:C2:EC,-78,11,0,0,0,0,0,0,0,0,0,-97,0,6,1,203146350,0,28,0,0,203.574,128,[28 -64 1 0 0 0 0 0 0 0 0 0 -13 -22 -12 -19 -10 -18 -8 -22 -9 -21 -8 -21 -6 -22 -7 -22 -6 -19 -8 -20 -2 -24 -1 -19 -3 -22 -2 -20 -3 -19 -2 -24 -4 -21 -3 -22 -4 -24 -1 -25 1 -21 -2 -22 -2 -21 -1 -21 1 -24 -1 -24 0 0 1 -22 -1 -21 0 -20 2 -24 0 -24 1 -26 2 -22 0 -25 0 -22 0 -24 0 -24 -1 -21 3 -21 1 -20 3 -21 -1 -21 -2 -19 0 -24 -4 -20 -4 -22 -4 -21 -4 -19 -6 -27 -6 -23 -7 -23 -9 -23 0 0 0 0 0 0 0 0 0 0 ],1690358237.6116593
CSI_DATA,AP,C8:F0:9E:F2:C2:EC,-83,11,1,2,1,1,1,0,0,0,0,-97,0,6,1,203147550,0,157,0,0,203.617,384,[-99 -48 9 0 0 0 0 0 0 0 0 0 -21 5 -18 -2 -19 -3 -18 -3 -16 1 -15 -1 -16 -4 -17 -5 -17 -4 -18 -1 -17 -3 -17 -4 -16 -2 -14 -1 -15 -3 -15 -3 -16 -5 -16 -1 -16 -3 -18 -7 -20 -2 -16 -6 -17 -6 -17 -6 -17 -6 -17 -5 0 0 -17 -1 -18 -2 -18 -2 -20 -3 -21 -4 -22 -4 -18 -3 -21 -2 -15 -3 -18 -4 -15 -4 -20 -3 -16 -2 -15 0 -14 -1 -15 2 -16 -1 -15 5 -16 0 -14 4 -16 7 -13 10 -18 3 -16 5 -17 7 -19 9 0 0 0 0 0 0 0 0 0 0 ],1690358237.659287
CSI_DATA,AP,C8:F0:9E:F2:C2:EC,-77,11,0,0,0,0,0,0,0,0,0,-97,0,6,1,205061640,0,28,0,0,205.46,128,[28 -64 1 0 0 0 0 0 0 0 0 0 -17 18 -20 15 -20 15 -20 13 -18 12 -18 7 -16 8 -19 11 -17 12 -17 10 -20 9 -19 9 -17 11 -19 12 -19 11 -20 10 -19 9 -18 11 -20 9 -19 9 -23 8 -24 6 -18 9 -22 10 -23 9 -22 10 0 0 -24 9 -23 8 -25 7 -22 11 -23 9 -24 9 -23 9 -21 9 -22 7 -25 7 -24 9 -23 8 -24 10 -23 9 -25 6 -24 9 -21 15 -19 12 -21 10 -24 13 -21 12 -22 13 -22 16 -22 16 -22 17 -26 17 0 0 0 0 0 0 0 0 0 0 ],1690358239.4869323
CSI_DATA,AP,C8:F0:9E:F2:C2:EC,-77,11,0,0,0,0,0,0,0,0,0,-97,0,6,1,206019443,0,28,0,0,206.418,128,[28 -64 1 0 0 0 0 0 0 0 0 0 -7 23 -9 21 -8 21 -9 22 -10 18 -7 18 -10 17 -11 17 -11 14 -8 17 -12 17 -14 15 -11 18 -16 17 -16 16 -16 16 -16 15 -17 17 -14 15 -16 14 -17 18 -18 15 -17 11 -15 11 -17 11 -18 13 0 0 -13 10 -16 13 -14 13 -12 16 -10 15 -15 18 -13 15 -15 17 -14 13 -15 14 -15 16 -14 17 -14 16 -14 16 -13 18 -13 16 -11 18 -14 19 -13 19 -10 19 -10 20 -13 17 -13 22 -13 24 -12 25 -11 24 0 0 0 0 0 0 0 0 0 0 ],1690358240.4517488
CSI_DATA,AP,C8:F0:9E:F2:C2:EC,-78,11,0,0,0,0,0,0,0,0,0,-97,0,6,1,207929445,0,28,0,0,208.328,128,[28 -64 1 0 0 0 0 0 0 0 0 0 -2 -26 1 -23 0 -23 0 -23 2 -20 7 -23 5 -22 3 -19 6 -20 4 -20 7 -22 2 -19 7 -23 7 -19 5 -16 5 -22 8 -19 6 -16 9 -18 9 -18 6 -17 5 -16 8 -20 6 -19 6 -17 7 -18 0 0 5 -17 4 -18 8 -18 5 -20 5 -21 5 -23 5 -20 7 -21 9 -24 8 -25 5 -25 6 -20 4 -20 4 -19 8 -21 9 -24 6 -22 5 -25 6 -21 6 -23 5 -22 2 -26 3 -23 0 -28 -1 -24 0 -26 0 0 0 0 0 0 0 0 0 0 ],1690358242.3545856
CSI_DATA,AP,C8:F0:9E:F2:C2:EC,-76,11,0,0,0,0,0,0,0,0,0,-97,0,6,1,207931484,0,28,0,0,208.361,128,[28 -64 1 0 0 0 0 0 0 0 0 0 -4 16 -4 27 3 15 5 24 4 24 2 17 0 21 -1 16 5 7 1 12 4 13 3 22 8 9 1 13 8 15 6 16 2 12 2 11 12 12 3 10 8 16 8 12 10 8 0 9 8 16 14 14 0 0 13 6 13 10 15 -1 18 12 16 -2 22 17 2 8 10 -8 25 19 9 18 10 1 14 -3 20 2 19 0 18 6 23 1 12 -1 14 -3 17 -11 14 -3 16 -6 6 -13 17 -7 12 -16 7 -15 10 -12 0 0 0 0 0 0 0 0 0 0 ],1690358242.4024851
CSI_DATA,AP,C8:F0:9E:F2:C2:EC,-77,11,0,0,0,0,0,0,0,0,0,-97,0,6,1,207933042,0,157,0,0,208.398,128,[-99 -48 9 0 0 0 0 0 0 0 0 0 -23 8 -23 5 -26 3 -23 5 -24 3 -25 1 -24 1 -21 3 -18 -2 -25 0 -26 4 -20 -2 -22 -1 -21 0 -22 -1 -24 -3 -22 -4 -18 -3 -21 -4 -20 -6 -19 -3 -20 -4 -19 0 -25 0 -17 -2 -16 1 0 0 -23 0 -18 2 -20 1 -23 2 -19 0 -21 2 -20 2 -22 4 -21 3 -21 0 -25 5 -26 1 -22 1 -23 1 -25 4 -22 1 -21 5 -23 4 -21 4 -22 6 -23 6 -22 8 -21 6 -24 10 -24 9 -24 9 0 0 0 0 0 0 0 0 0 0 ],1690358242.436752
CSI_DATA,AP,C8:F0:9E:F2:C2:EC,-77,11,0,0,0,0,0,0,0,0,0,-97,0,6,1,208893196,0,28,0,0,209.292,128,[28 -64 1 0 0 0 0 0 0 0 0 0 -2 20 -1 19 -2 21 -6 19 -4 16 -5 18 -2 17 -4 18 -3 17 -3 17 -8 19 -7 17 -10 18 -10 21 -8 17 -8 18 -10 15 -10 15 -9 13 -8 17 -8 14 -8 14 -8 13 -7 15 -8 15 -7 16 0 0 -8 18 -7 15 -10 18 -7 19 -7 18 -5 16 -10 18 -7 18 -7 20 -7 19 -11 19 -8 21 -9 19 -12 19 -10 17 -11 20 -8 21 -9 17 -9 16 -8 18 -4 18 -5 19 -4 21 -2 22 -6 21 -2 19 0 0 0 0 0 0 0 0 0 0 ],1690358243.3385978
CSI_DATA,AP,C8:F0:9E:F2:C2:EC,-77,11,0,0,0,0,0,0,0,0,0,-97,0,6,1,208900141,0,28,0,0,209.326,128,[28 -64 1 0 0 0 0 0 0 0 0 0 5 19 3 21 7 23 6 23 0 20 1 21 1 23 1 20 0 23 -2 18 1 24 -4 24 -3 24 -4 22 -4 21 -4 19 -5 21 -7 21 -7 19 -7 19 0 20 -4 18 -4 17 -3 18 -1 20 -3 22 0 0 -4 24 -2 21 -1 24 -2 22 -1 22 -1 25 -1 25 -5 23 -1 22 -4 24 -7 27 -1 24 -3 25 -4 24 -1 27 -4 25 -2 24 1 25 4 24 0 21 -1 23 6 21 4 23 4 24 4 22 4 23 0 0 0 0 0 0 0 0 0 0 ],1690358243.36365
CSI_DATA,AP,C8:F0:9E:F2:C2:EC,-78,11,0,0,0,0,0,0,0,0,0,-97,0,6,1,209854856,0,28,0,0,210.254,128,[28 -64 1 0 0 0 0 0 0 0 0 0 -7 19 -12 18 -7 18 -10 17 -8 18 -11 16 -11 15 -10 14 -13 17 -15 17 -14 19 -14 17 -12 14 -16 15 -17 13 -17 16 -19 13 -16 14 -13 11 -15 12 -15 13 -16 14 -15 12 -13 15 -13 14 -17 11 0 0 -15 14 -15 14 -16 14 -15 19 -16 16 -17 15 -14 15 -15 16 -16 17 -16 14 -19 14 -15 13 -16 15 -16 17 -15 16 -12 14 -14 15 -12 14 -10 17 -9 16 -8 16 -4 19 -4 19 -3 20 -3 20 -4 23 0 0 0 0 0 0 0 0 0 0 ],1690358244.2836125
CSI_DATA,AP,C8:F0:9E:F2:C2:EC,-77,11,0,0,0,0,0,0,0,0,0,-97,0,6,1,211759751,0,28,0,0,212.158,128,[28 -64 1 0 0 0 0 0 0 0 0 0 25 -3 23 0 24 -1 26 3 21 1 20 4 22 2 23 3 22 4 21 3 22 8 26 6 26 5 20 6 19 7 19 8 18 8 16 5 15 8 18 5 16 8 17 6 14 5 16 6 13 7 17 6 0 0 17 4 20 4 19 1 21 2 18 3 20 3 18 6 21 4 17 4 19 4 22 4 19 6 17 4 20 4 17 3 19 3 21 1 15 0 19 -1 19 -2 19 -1 19 -4 23 -5 22 -3 20 -1 23 -7 0 0 0 0 0 0 0 0 0 0 ],1690358246.1779177
CSI_DATA,AP,C8:F0:9E:F2:C2:EC,-74,11,0,0,0,0,0,0,0,0,0,-97,0,6,1,211761381,0,28,0,0,212.187,128,[28 -64 1 0 0 0 0 0 0 0 0 0 6 -10 8 -11 2 -14 2 -8 7 -6 3 -14 7 -11 10 -6 7 -9 10 -12 2 -13 5 -9 8 -11 6 -13 6 -9 5 -11 8 -8 2 -7 3 -10 5 -11 4 -6 7 -11 4 -4 5 -10 6 -11 5 -9 0 0 3 -11 6 -12 4 -12 2 -17 -5 -7 7 -7 -3 -3 -8 -17 -6 -20 11 13 -3 3 11 -7 3 -11 1 -11 0 -10 -4 -10 0 -12 0 -14 2 -9 -4 -6 1 -12 -4 -7 -4 -5 -5 -13 -8 -12 -8 -13 0 0 0 0 0 0 0 0 0 0 ],1690358246.2099085
CSI_DATA,AP,C8:F0:9E:F2:C2:EC,-77,11,0,0,0,0,0,0,0,0,0,-97,0,6,1,213673427,0,28,0,0,214.072,128,[28 -64 1 0 0 0 0 0 0 0 0 0 14 -16 16 -10 14 -16 17 -13 16 -13 13 -10 15 -13 18 -8 11 -14 17 -12 17 -13 17 -12 18 -11 17 -14 18 -11 17 -13 16 -12 15 -13 16 -12 18 -11 15 -9 16 -9 15 -9 16 -10 17 -11 19 -10 0 0 17 -11 11 -14 9 -15 15 -15 13 -12 15 -10 14 -13 17 -13 9 -12 15 -14 15 -13 11 -13 13 -14 12 -8 13 -15 9 -12 11 -17 12 -13 12 -18 2 -15 8 -20 1 -25 11 -18 1 -23 2 -18 8 -21 0 0 0 0 0 0 0 0 0 0 ],1690358248.1026695
CSI_DATA,AP,C8:F0:9E:F2:C2:EC,-78,11,0,0,0,0,0,0,0,0,0,-97,0,6,1,213676356,0,28,0,0,214.107,128,[28 -64 1 0 0 0 0 0 0 0 0 0 21 3 20 2 21 3 22 5 20 5 18 6 20 9 18 8 19 7 18 9 19 10 17 10 20 9 17 7 17 11 18 11 18 10 17 11 15 15 17 11 15 12 13 11 13 14 17 11 15 16 17 12 0 0 13 10 18 14 14 12 16 12 15 13 16 12 14 15 13 13 13 11 13 10 16 12 14 15 13 10 13 13 14 11 16 10 14 12 18 6 16 8 16 6 16 8 18 7 20 4 22 7 21 7 25 5 0 0 0 0 0 0 0 0 0 0 ],1690358248.134326
CSI_DATA,AP,C8:F0:9E:F2:C2:EC,-77,11,0,0,0,0,0,0,0,0,0,-97,0,6,1,216549993,0,28,0,0,216.949,128,[28 -64 1 0 0 0 0 0 0 0 0 0 -15 20 -15 18 -13 18 -16 21 -15 18 -14 18 -18 18 -18 16 -16 16 -19 15 -20 14 -21 14 -20 15 -19 14 -19 10 -22 13 -19 15 -17 13 -22 6 -17 10 -15 9 -17 10 -16 7 -14 9 -14 9 -17 9 0 0 -13 11 -15 12 -11 12 -10 15 -11 14 -14 16 -10 18 -11 17 -11 19 -14 16 -14 17 -15 15 -13 16 -13 16 -13 20 -11 16 -12 17 -9 18 -11 18 -9 19 -7 17 -6 19 -4 20 -7 21 -8 21 -6 23 0 0 0 0 0 0 0 0 0 0 ],1690358250.9775865
CSI_DATA,AP,C8:F0:9E:F2:C2:EC,-78,11,0,0,0,0,0,0,0,0,0,-97,0,6,1,217512965,0,28,0,0,217.912,128,[28 -64 1 0 0 0 0 0 0 0 0 0 -14 -6 -16 -9 -15 -8 -17 -11 -14 -10 -12 -12 -13 -13 -14 -9 -16 -8 -12 -13 -18 -15 -15 -12 -14 -13 -14 -11 -13 -14 -20 -12 -17 -19 -15 -17 -15 -18 -17 -20 -14 -20 -16 -21 -15 -20 -15 -19 -15 -23 -13 -21 0 0 -13 -21 -15 -24 -14 -22 -15 -24 -11 -24 -14 -26 -10 -23 -14 -21 -17 -17 -12 -24 -13 -23 -11 -25 -9 -17 -5 -15 -10 -18 -9 -16 -10 -17 -14 -18 -14 -14 -15 -13 -18 -13 -15 -15 -19 -14 -22 -11 -24 -9 -27 -10 0 0 0 0 0 0 0 0 0 0 ],1690358251.9535885
CSI_DATA,AP,C8:F0:9E:F2:C2:EC,-78,11,0,0,0,0,0,0,0,0,0,-97,0,6,1,218475159,0,28,0,0,218.874,128,[28 -64 1 0 0 0 0 0 0 0 0 0 -21 -19 -20 -19 -19 -20 -22 -21 -17 -21 -17 -16 -18 -16 -14 -17 -14 -23 -14 -15 -15 -21 -18 -23 -15 -19 -17 -17 -18 -21 -16 -23 -14 -24 -13 -29 -9 -23 -14 -26 -9 -24 -7 -27 -8 -24 -9 -27 -9 -26 -10 -27 0 0 -9 -24 -12 -22 -10 -24 -9 -20 -10 -22 -9 -18 -7 -21 -8 -18 -10 -19 -8 -22 -11 -18 -8 -21 -6 -17 -12 -17 -10 -17 -12 -18 -15 -18 -12 -14 -13 -13 -11 -14 -18 -15 -19 -16 -19 -10 -21 -12 -18 -11 -23 -13 0 0 0 0 0 0 0 0 0 0 ],1690358252.903738
CSI_DATA,AP,C8:F0:9E:F2:C2:EC,-78,11,0,0,0,0,0,0,0,0,0,-97,0,6,1,221341173,0,28,0,0,221.74,128,[28 -64 1 0 0 0 0 0 0 0 0 0 -19 4 -19 5 -18 5 -20 4 -22 7 -20 5 -20 4 -17 4 -18 4 -18 7 -22 7 -22 2 -24 8 -24 4 -27 4 -26 3 -25 2 -23 0 -26 -1 -29 0 -24 -3 -23 -1 -24 1 -23 -2 -25 -4 -27 -1 0 0 -23 0 -24 -4 -23 1 -23 -1 -23 -3 -25 -2 -24 -3 -21 0 -21 2 -21 1 -24 -2 -21 -1 -20 2 -20 2 -20 -2 -21 2 -20 1 -17 4 -18 5 -17 5 -15 5 -18 7 -15 7 -17 8 -16 10 -18 11 0 0 0 0 0 0 0 0 0 0 ],1690358255.7698143
CSI_DATA,AP,C8:F0:9E:F2:C2:EC,-83,11,1,2,1,1,1,0,0,0,0,-97,0,6,1,221345616,0,157,0,0,221.775,384,[-99 -48 9 0 0 0 0 0 0 0 0 0 -5 12 -8 12 -6 12 -7 13 -7 10 -5 12 -7 12 -11 12 -7 14 -7 11 -9 13 -10 15 -8 11 -8 17 -10 12 -13 10 -14 14 -16 13 -18 13 -11 11 -14 11 -12 13 -13 10 -15 10 -16 12 -13 13 0 0 -15 10 -15 6 -14 9 -12 7 -11 8 -15 9 -14 8 -12 7 -13 10 -10 10 -13 8 -14 9 -15 8 -9 7 -13 8 -6 5 -10 9 -7 7 -10 11 -9 4 -8 9 -7 9 -6 10 -3 14 -4 10 -7 16 0 0 0 0 0 0 0 0 0 0 ],1690358255.817741
CSI_DATA,AP,C8:F0:9E:F2:C2:EC,-77,11,0,0,0,0,0,0,0,0,0,-97,0,6,1,224208062,0,28,0,0,224.607,128,[28 -64 1 0 0 0 0 0 0 0 0 0 -20 8 -18 7 -14 5 -19 9 -22 10 -23 6 -20 8 -19 6 -22 8 -19 6 -24 4 -23 6 -25 4 -24 7 -25 4 -24 4 -26 3 -24 1 -29 0 -26 1 -26 3 -23 0 -25 1 -27 0 -26 0 -25 0 0 0 -24 2 -23 -2 -23 0 -24 5 -27 1 -24 2 -25 1 -23 4 -26 7 -22 3 -24 6 -22 3 -22 3 -22 7 -18 2 -25 4 -19 6 -16 4 -19 8 -18 8 -16 8 -16 11 -12 9 -13 11 -14 12 -16 16 0 0 0 0 0 0 0 0 0 0 ],1690358258.6292071
CSI_DATA,AP,C8:F0:9E:F2:C2:EC,-77,11,0,0,0,0,0,0,0,0,0,-97,0,6,1,224210746,0,28,0,0,224.639,128,[28 -64 1 0 0 0 0 0 0 0 0 0 9 -19 9 -18 11 -19 11 -21 14 -19 10 -19 9 -19 10 -18 13 -20 10 -18 16 -19 13 -22 14 -21 18 -17 17 -20 18 -17 20 -17 16 -15 18 -14 21 -16 17 -15 22 -13 20 -14 19 -14 18 -13 21 -12 0 0 19 -10 21 -13 17 -13 20 -16 21 -11 18 -14 20 -15 20 -12 18 -14 15 -14 19 -12 16 -14 15 -14 16 -11 16 -10 17 -11 14 -12 13 -14 16 -14 13 -15 12 -16 10 -17 10 -16 7 -18 8 -16 9 -20 0 0 0 0 0 0 0 0 0 0 ],1690358258.677654
CSI_DATA,AP,C8:F0:9E:F2:C2:EC,-78,11,0,0,0,0,0,0,0,0,0,-97,0,6,1,225172893,0,28,0,0,225.572,128,[28 -64 1 0 0 0 0 0 0 0 0 0 -11 -22 -11 -22 -10 -25 -8 -24 -8 -24 -9 -21 -4 -23 -4 -21 -8 -25 -5 -22 -3 -23 -3 -22 -2 -23 -3 -24 -2 -23 -4 -24 -1 -23 0 -22 -1 -21 -5 -20 -3 -17 -1 -18 -2 -18 -5 -20 0 -18 -2 -19 0 0 -2 -17 -4 -18 -7 -16 -4 -16 -8 -18 -9 -17 -9 -17 -11 -18 -11 -17 -7 -16 -11 -19 -7 -18 -9 -18 -7 -19 -14 -20 -10 -19 -11 -17 -13 -18 -13 -16 -12 -17 -13 -19 -14 -16 -17 -21 -17 -19 -14 -18 -16 -20 0 0 0 0 0 0 0 0 0 0 ],1690358259.6036823
CSI_DATA,AP,C8:F0:9E:F2:C2:EC,-78,11,0,0,0,0,0,0,0,0,0,-97,0,6,1,225174183,0,28,0,0,225.611,128,[28 -64 1 0 0 0 0 0 0 0 0 0 8 2 18 -1 17 10 12 13 10 8 12 6 6 10 16 10 19 8 6 4 5 6 12 2 9 6 13 10 13 7 8 7 8 12 15 14 10 8 7 15 7 7 9 3 10 0 7 -1 7 4 11 5 0 0 8 0 12 -2 4 2 7 -10 3 6 6 -11 17 -1 16 -4 0 1 3 -13 6 -3 8 -2 17 5 23 -10 15 2 18 -13 18 -3 12 -10 9 -8 10 -13 11 -11 12 -9 10 -9 13 -9 5 -10 8 -16 0 0 0 0 0 0 0 0 0 0 ],1690358259.6358078
CSI_DATA,AP,C8:F0:9E:F2:C2:EC,-75,11,0,0,0,0,0,0,0,0,0,-97,0,6,1,226132194,0,28,0,0,226.531,128,[28 -64 1 0 0 0 0 0 0 0 0 0 -1 24 -2 25 -6 29 -6 28 -7 26 -8 25 -10 24 -11 24 -8 26 -11 24 -10 24 -13 23 -12 22 -13 21 -13 22 -10 22 -13 19 -12 20 -9 18 -12 16 -9 14 -8 18 -8 16 -9 18 -5 17 -7 19 0 0 -5 17 -3 18 -5 18 -2 17 -3 17 -2 18 -1 18 -2 20 -2 18 -1 21 -2 20 0 18 2 18 0 19 3 17 3 19 4 18 3 20 4 18 6 15 6 15 6 16 9 16 9 18 9 14 10 18 0 0 0 0 0 0 0 0 0 0 ],1690358260.5549126
CSI_DATA,AP,C8:F0:9E:F2:C2:EC,-74,11,0,0,0,0,0,0,0,0,0,-97,0,6,1,226133788,0,28,0,0,226.564,128,[28 -64 1 0 0 0 0 0 0 0 0 0 -6 -22 -4 -20 5 -18 7 -20 2 -20 -4 -24 1 -19 -2 -18 -5 -21 -1 -17 -6 -16 -3 -17 -4 -20 -1 -22 -2 -20 -5 -17 3 -25 0 -14 -6 -17 -4 -16 -1 -17 -11 -18 -2 -12 -3 -15 -4 -11 -6 -15 0 0 -12 -15 -7 -11 -13 -9 -5 -7 -9 -4 -16 -15 -13 0 -12 -11 -4 -15 -9 5 -17 4 -17 -4 -12 -7 -14 -5 -11 -5 -10 -9 -14 -1 -11 -2 -17 1 -11 -2 -15 2 -14 5 -14 2 -13 5 -14 4 -13 10 0 0 0 0 0 0 0 0 0 0 ],1690358260.602575
CSI_DATA,AP,C8:F0:9E:F2:C2:EC,-77,11,0,0,0,0,0,0,0,0,0,-97,0,6,1,228056619,0,28,0,0,228.455,128,[28 -64 1 0 0 0 0 0 0 0 0 0 18 -25 22 -27 23 -24 23 -26 21 -20 23 -19 23 -18 22 -15 25 -15 16 -14 21 -17 21 -15 17 -16 20 -16 18 -14 20 -16 17 -17 18 -13 19 -14 18 -14 16 -10 17 -12 17 -10 15 -16 12 -16 13 -13 0 0 13 -16 15 -14 15 -15 13 -16 15 -15 16 -12 17 -15 13 -14 13 -16 13 -14 14 -13 11 -13 12 -15 9 -12 9 -12 11 -16 5 -16 5 -14 8 -14 3 -16 6 -15 1 -16 4 -20 0 -17 1 -17 0 -21 0 0 0 0 0 0 0 0 0 0 ],1690358262.4875166
CSI_DATA,AP,C8:F0:9E:F2:C2:EC,-77,11,0,0,0,0,0,0,0,0,0,-97,0,6,1,229011249,0,28,0,0,229.41,128,[28 -64 1 0 0 0 0 0 0 0 0 0 -8 27 -8 23 -8 27 -8 25 -7 25 -8 22 -8 22 -8 21 -8 21 -8 21 -8 21 -11 21 -9 21 -11 19 -9 18 -10 23 -9 19 -7 17 -11 20 -9 20 -9 20 -9 17 -8 15 -7 15 -7 19 -10 16 0 0 -6 18 -9 16 -7 19 -8 18 -7 16 -8 17 -7 19 -9 16 -6 16 -5 16 -6 17 -8 15 -6 16 -5 14 -6 13 -5 13 -6 14 -3 13 -3 12 -2 13 1 14 1 14 3 13 2 16 3 14 5 16 0 0 0 0 0 0 0 0 0 0 ],1690358263.439104
CSI_DATA,AP,C8:F0:9E:F2:C2:EC,-75,11,0,0,0,0,0,0,0,0,0,-97,0,6,1,229012588,0,28,0,0,229.443,128,[28 -64 1 0 0 0 0 0 0 0 0 0 13 -26 17 -27 13 -25 14 -25 15 -25 13 -23 17 -23 16 -20 16 -21 14 -18 15 -20 18 -18 18 -21 16 -17 19 -18 17 -17 16 -15 20 -18 17 -17 17 -17 15 -12 14 -18 16 -14 15 -15 19 -13 18 -18 0 0 15 -11 15 -14 17 -11 15 -14 17 -13 17 -11 13 -15 16 -12 17 -14 18 -10 19 -12 14 -12 9 -9 14 -9 18 -14 12 -12 14 -11 12 -13 10 -10 6 -13 11 -17 4 -15 9 -17 7 -20 8 -17 6 -18 0 0 0 0 0 0 0 0 0 0 ],1690358263.4800117
CSI_DATA,AP,C8:F0:9E:F2:C2:EC,-78,11,0,0,0,0,0,0,0,0,0,-97,0,6,1,229966402,0,28,0,0,230.365,128,[28 -64 1 0 0 0 0 0 0 0 0 0 -14 -27 -15 -24 -12 -23 -11 -25 -9 -30 -6 -21 -7 -25 -8 -23 -7 -19 -6 -21 -9 -24 -8 -26 -5 -21 -2 -24 -3 -19 -6 -25 -6 -27 -3 -24 -8 -25 0 -26 -5 -21 1 -26 -2 -21 -3 -23 -5 -24 -1 -27 0 0 -1 -23 1 -27 -1 -23 -2 -25 0 -24 -4 -22 -3 -23 -3 -23 -5 -24 -2 -26 -11 -27 -6 -24 -4 -25 -7 -24 -8 -23 -13 -25 -10 -26 -12 -21 -11 -25 -11 -26 -12 -24 -12 -24 -10 -26 -15 -22 -15 -22 -15 -26 0 0 0 0 0 0 0 0 0 0 ],1690358264.4018433
CSI_DATA,AP,C8:F0:9E:F2:C2:EC,-78,11,0,0,0,0,0,0,0,0,0,-97,0,6,1,229968903,0,28,0,0,230.405,128,[28 -64 1 0 0 0 0 0 0 0 0 0 -12 19 -19 21 -15 21 -19 18 -19 19 -15 13 -18 17 -18 14 -15 14 -18 12 -16 9 -16 12 -20 11 -16 12 -16 13 -15 13 -20 10 -20 14 -18 16 -17 13 -20 11 -18 9 -19 12 -20 9 -18 11 -19 12 0 0 -21 8 -23 6 -18 9 -19 10 -15 10 -18 11 -18 11 -18 14 -14 12 -20 13 -17 12 -14 13 -15 11 -17 15 -18 14 -16 15 -19 16 -11 15 -19 15 -16 15 -16 16 -14 18 -16 16 -15 21 -14 19 -15 17 0 0 0 0 0 0 0 0 0 0 ],1690358264.433796
CSI_DATA,AP,C8:F0:9E:F2:C2:EC,-84,11,1,2,1,1,1,0,0,0,0,-97,0,6,1,229970271,0,157,0,0,230.449,384,[-99 -48 9 0 0 0 0 0 0 0 0 0 -14 12 -14 12 -12 12 -15 12 -15 9 -16 3 -15 9 -15 8 -13 8 -12 3 -10 6 -12 6 -11 9 -15 4 -17 4 -12 7 -13 4 -15 4 -14 3 -13 5 -18 5 -16 5 -15 1 -15 0 -15 4 -16 2 0 0 -20 1 -13 2 -17 1 -16 2 -16 2 -14 1 -16 2 -13 6 -13 2 -14 3 -18 6 -18 3 -16 4 -13 5 -12 6 -12 2 -13 7 -12 4 -18 6 -12 6 -17 8 -10 6 -15 8 -17 8 -13 7 -14 9 0 0 0 0 0 0 0 0 0 0 ],1690358264.4819362
CSI_DATA,AP,C8:F0:9E:F2:C2:EC,-78,11,0,0,0,0,0,0,0,0,0,-97,0,6,1,231890283,0,28,0,0,232.289,128,[28 -64 1 0 0 0 0 0 0 0 0 0 9 -27 6 -27 11 -25 9 -21 11 -16 15 -21 13 -18 13 -20 13 -17 10 -20 12 -20 13 -18 10 -20 12 -19 11 -19 14 -19 14 -17 12 -17 11 -17 16 -19 9 -17 13 -19 10 -15 12 -21 15 -18 13 -14 0 0 9 -21 9 -16 11 -18 9 -20 10 -20 6 -19 10 -19 9 -18 6 -22 8 -18 5 -20 5 -25 6 -21 3 -23 4 -19 3 -23 5 -23 1 -25 1 -23 -1 -21 -3 -23 0 -25 -6 -23 -3 -26 0 -24 -4 -22 0 0 0 0 0 0 0 0 0 0 ],1690358266.3212557
CSI_DATA,AP,C8:F0:9E:F2:C2:EC,-77,11,0,0,0,0,0,0,0,0,0,-97,0,6,1,232853900,0,28,0,0,233.253,128,[28 -64 1 0 0 0 0 0 0 0 0 0 24 -13 22 -10 20 -12 20 -9 22 -9 21 -7 20 -9 20 -7 20 -8 17 -8 18 -7 18 -9 19 -8 19 -5 19 -4 18 -6 20 -8 18 -7 20 -6 18 -3 21 -4 17 -4 19 -6 18 -5 21 -6 20 -3 0 0 19 -5 21 -4 19 -5 17 -4 18 -5 19 -2 20 -6 21 -4 18 -5 19 -6 20 -6 20 -5 18 -5 17 -3 16 -6 17 -5 15 -4 15 -11 12 -7 16 -8 15 -7 17 -12 17 -12 16 -12 16 -16 16 -15 0 0 0 0 0 0 0 0 0 0 ],1690358267.2904031
CSI_DATA,AP,C8:F0:9E:F2:C2:EC,-78,11,0,0,0,0,0,0,0,0,0,-97,0,6,1,233813132,0,28,0,0,234.212,128,[28 -64 1 0 0 0 0 0 0 0 0 0 -28 -2 -25 -7 -27 -3 -26 -6 -27 -5 -24 -5 -22 -8 -19 -5 -22 -9 -22 -8 -21 -5 -24 -7 -22 -7 -21 -5 -20 -8 -21 -9 -21 -7 -22 -8 -23 -8 -21 -8 -17 -8 -21 -7 -20 -8 -23 -11 -21 -7 -21 -9 0 0 -22 -6 -20 -6 -20 -9 -23 -7 -20 -7 -19 -6 -22 -6 -22 -7 -21 -7 -21 -4 -21 -8 -22 -7 -21 -6 -20 -6 -25 -10 -19 -9 -22 -8 -22 -5 -23 -4 -22 0 -20 -1 -20 -1 -22 -3 -21 1 -22 -1 -23 1 0 0 0 0 0 0 0 0 0 0 ],1690358268.23976
CSI_DATA,AP,C8:F0:9E:F2:C2:EC,-76,11,0,0,0,0,0,0,0,0,0,-97,0,6,1,234768124,0,28,0,0,235.167,128,[28 -64 1 0 0 0 0 0 0 0 0 0 17 -15 18 -14 19 -12 19 -13 21 -8 22 -9 19 -8 19 -8 19 -8 21 -9 20 -9 20 -8 22 -7 20 -6 20 -7 21 -9 20 -6 22 -4 21 -6 21 -5 21 -4 24 -5 21 -5 24 -4 23 -4 24 -4 0 0 20 -4 19 -5 22 -5 20 -5 19 -6 21 -4 19 -5 20 -4 19 -7 15 -5 22 -6 18 -6 18 -6 15 -5 17 -8 17 -8 17 -8 17 -12 15 -12 17 -10 18 -10 16 -12 15 -9 16 -14 17 -15 16 -15 0 0 0 0 0 0 0 0 0 0 ],1690358269.1939516
CSI_DATA,AP,C8:F0:9E:F2:C2:EC,-78,11,0,0,0,0,0,0,0,0,0,-97,0,6,1,235730049,0,28,0,0,236.129,128,[28 -64 1 0 0 0 0 0 0 0 0 0 -25 2 -28 3 -27 4 -29 0 -25 2 -25 -3 -25 -2 -25 -2 -25 -2 -25 -7 -28 -7 -23 -4 -23 -9 -24 -6 -21 -7 -23 -5 -22 -5 -20 -6 -21 -7 -18 -6 -21 -7 -20 -5 -21 -9 -16 -6 -18 -11 -21 -9 0 0 -18 -6 -19 -4 -17 -4 -17 -3 -18 -5 -16 0 -19 -4 -19 -1 -21 -4 -20 -1 -18 -1 -21 -3 -19 0 -20 1 -18 0 -19 0 -18 4 -18 2 -20 5 -19 4 -21 5 -21 5 -21 5 -21 8 -19 6 -21 7 0 0 0 0 0 0 0 0 0 0 ],1690358270.1555922
CSI_DATA,AP,C8:F0:9E:F2:C2:EC,-77,11,0,0,0,0,0,0,0,0,0,-97,0,6,1,235732688,0,28,0,0,236.164,128,[28 -64 1 0 0 0 0 0 0 0 0 0 18 -17 20 -19 21 -15 22 -16 21 -13 24 -14 20 -13 21 -9 21 -11 21 -9 20 -12 21 -10 21 -9 24 -9 19 -8 21 -12 22 -5 18 -8 19 -6 20 -9 18 -5 18 -5 17 -8 19 -5 16 -8 16 -7 0 0 21 -8 20 -7 19 -6 16 -10 15 -7 16 -9 15 -12 11 -9 15 -11 17 -11 18 -15 16 -10 16 -11 13 -11 11 -13 15 -15 13 -14 10 -15 10 -17 9 -19 10 -19 9 -18 8 -19 9 -25 9 -22 12 -22 0 0 0 0 0 0 0 0 0 0 ],1690358270.2033432
CSI_DATA,AP,C8:F0:9E:F2:C2:EC,-78,11,0,0,0,0,0,0,0,0,0,-97,0,6,1,236686456,0,28,0,0,237.085,128,[28 -64 1 0 0 0 0 0 0 0 0 0 12 -19 22 -18 17 -19 18 -16 15 -16 19 -12 17 -11 22 -15 16 -13 13 -12 22 -11 17 -12 20 -13 19 -11 17 -11 18 -9 19 -13 19 -13 24 -9 20 -12 17 -10 21 -8 22 -10 21 -9 22 -11 20 -8 0 0 19 -8 21 -7 19 -6 21 -7 19 -9 22 -10 20 -10 17 -8 21 -12 19 -13 16 -16 14 -9 19 -13 20 -12 18 -11 17 -12 16 -12 17 -12 15 -13 15 -15 14 -15 14 -14 15 -17 16 -18 11 -17 14 -18 0 0 0 0 0 0 0 0 0 0 ],1690358271.1192636
CSI_DATA,AP,C8:F0:9E:F2:C2:EC,-77,11,0,0,0,0,0,0,0,0,0,-97,0,6,1,237646003,0,28,0,0,238.045,128,[28 -64 1 0 0 0 0 0 0 0 0 0 -18 17 -17 18 -18 15 -18 16 -16 13 -18 16 -19 12 -18 11 -16 13 -17 8 -18 13 -19 12 -19 13 -19 12 -18 12 -21 11 -22 13 -19 10 -23 13 -21 9 -21 10 -23 8 -24 8 -25 9 -24 7 -26 7 0 0 -22 4 -24 3 -21 5 -22 2 -20 0 -19 6 -19 4 -18 3 -21 4 -22 3 -18 7 -19 6 -16 5 -16 8 -17 6 -17 7 -15 9 -13 7 -13 8 -14 13 -15 13 -12 11 -14 17 -14 15 -12 15 -14 21 0 0 0 0 0 0 0 0 0 0 ],1690358272.0746381
CSI_DATA,AP,C8:F0:9E:F2:C2:EC,-78,11,0,0,0,0,0,0,0,0,0,-97,0,6,1,238609422,0,28,0,0,239.008,128,[28 -64 1 0 0 0 0 0 0 0 0 0 7 20 5 22 5 21 5 19 2 18 1 18 4 17 3 19 5 18 4 17 7 17 5 20 3 19 3 17 3 20 5 22 3 23 1 20 2 23 2 23 2 23 2 19 1 22 0 26 1 24 0 23 0 0 0 26 0 23 -5 25 -5 25 -2 26 -4 24 0 25 -3 22 -5 23 -4 24 -4 20 -5 20 -1 21 -6 20 -4 20 -3 20 -1 18 -2 16 2 15 1 16 3 19 4 16 7 13 9 17 10 17 11 17 0 0 0 0 0 0 0 0 0 0 ],1690358273.0266294
CSI_DATA,AP,C8:F0:9E:F2:C2:EC,-78,11,0,0,0,0,0,0,0,0,0,-97,0,6,1,238613493,0,28,0,0,239.038,128,[28 -64 1 0 0 0 0 0 0 0 0 0 0 22 -4 21 -3 20 -4 21 -3 20 -5 22 -6 19 -5 16 -3 22 -2 17 -3 18 -2 19 -7 18 -5 18 -4 22 -3 22 -4 24 -2 23 -6 26 -6 23 -7 24 -5 23 -9 26 -7 24 -8 24 -10 23 0 0 -9 22 -7 22 -10 26 -7 24 -12 23 -8 23 -8 24 -8 21 -8 21 -8 19 -12 19 -7 17 -9 19 -9 20 -9 17 -7 19 -5 14 -2 18 -2 15 3 17 -1 17 7 18 4 19 4 20 4 16 7 21 0 0 0 0 0 0 0 0 0 0 ],1690358273.0745442
CSI_DATA,AP,C8:F0:9E:F2:C2:EC,-78,11,0,0,0,0,0,0,0,0,0,-97,0,6,1,239569575,0,28,0,0,239.968,128,[28 -64 1 0 0 0 0 0 0 0 0 0 -16 17 -21 17 -17 9 -25 15 -15 9 -21 16 -19 18 -12 15 -19 7 -13 8 -12 13 -18 16 -19 15 -22 17 -22 13 -19 11 -23 14 -20 11 -20 14 -18 16 -21 13 -21 13 -19 8 -20 13 -23 11 -23 14 0 0 -24 10 -18 11 -27 13 -21 7 -24 10 -19 12 -21 8 -19 8 -16 7 -20 5 -19 7 -21 8 -17 7 -13 8 -13 4 -15 9 -11 9 -11 13 -11 15 -9 10 -9 16 -9 9 -12 11 -12 17 -10 16 -12 19 0 0 0 0 0 0 0 0 0 0 ],1690358273.9995978
CSI_DATA,AP,C8:F0:9E:F2:C2:EC,-78,11,0,0,0,0,0,0,0,0,0,-97,0,6,1,239574028,0,28,0,0,240.003,128,[28 -64 1 0 0 0 0 0 0 0 0 0 -18 -10 -22 -13 -19 -15 -22 -11 -21 -11 -15 -18 -19 -14 -13 -14 -12 -14 -14 -14 -16 -14 -17 -14 -13 -12 -19 -12 -18 -15 -15 -13 -17 -16 -15 -12 -18 -15 -16 -16 -16 -15 -16 -17 -12 -22 -15 -17 -15 -18 -16 -22 0 0 -15 -20 -13 -23 -15 -22 -15 -17 -13 -19 -12 -19 -10 -18 -11 -16 -10 -17 -6 -18 -9 -15 -5 -8 -10 -17 -9 -13 -13 -11 -12 -12 -11 -8 -7 -1 -7 -19 -10 -9 -21 -9 -13 -8 -13 -8 -12 -6 -14 -14 -18 -6 0 0 0 0 0 0 0 0 0 0 ],1690358274.0481977
CSI_DATA,AP,C8:F0:9E:F2:C2:EC,-78,11,0,0,0,0,0,0,0,0,0,-97,0,6,1,241475003,0,28,0,0,241.874,128,[28 -64 1 0 0 0 0 0 0 0 0 0 14 -22 12 -17 13 -17 10 -18 16 -21 13 -14 11 -15 11 -17 11 -17 12 -17 16 -19 13 -19 16 -15 17 -21 14 -16 16 -18 16 -21 15 -18 17 -16 23 -15 19 -16 17 -17 21 -16 23 -14 20 -15 20 -13 0 0 19 -14 18 -16 20 -15 15 -12 19 -13 15 -14 16 -16 17 -15 14 -15 17 -14 14 -15 13 -14 13 -12 14 -14 14 -16 9 -16 13 -18 7 -17 7 -19 9 -19 10 -20 9 -22 9 -25 8 -27 9 -22 10 -23 0 0 0 0 0 0 0 0 0 0 ],1690358275.904843
CSI_DATA,AP,C8:F0:9E:F2:C2:EC,-78,11,0,0,0,0,0,0,0,0,0,-97,0,6,1,243390399,0,28,0,0,243.789,128,[28 -64 1 0 0 0 0 0 0 0 0 0 -13 -17 -8 -18 -13 -18 -8 -18 -12 -19 -5 -21 -7 -21 -5 -18 -5 -18 -8 -17 -5 -21 -8 -18 -11 -18 -11 -23 -8 -17 -6 -22 -5 -17 -6 -14 -6 -22 -7 -21 -7 -19 -6 -25 -5 -21 -4 -24 -3 -20 -5 -26 0 0 -1 -23 -2 -21 -2 -25 -4 -21 0 -17 -5 -24 -1 -22 -1 -22 0 -21 -2 -23 -3 -20 -1 -17 -1 -19 -2 -19 -5 -15 -3 -17 -5 -17 -3 -19 -7 -14 -7 -10 -7 -18 -4 -16 -10 -17 -13 -14 -6 -17 -13 -16 0 0 0 0 0 0 0 0 0 0 ],1690358277.8213794
CSI_DATA,AP,C8:F0:9E:F2:C2:EC,-78,11,0,0,0,0,0,0,0,0,0,-97,0,6,1,244349218,0,28,0,0,244.748,128,[28 -64 1 0 0 0 0 0 0 0 0 0 0 24 -2 24 -1 22 -2 26 -5 25 -5 22 -6 24 -5 21 -6 20 -3 17 -3 22 -7 21 -4 18 -7 24 -6 18 -6 20 -6 21 -6 18 -6 22 -5 23 -3 22 -3 22 -6 19 -7 22 -9 21 -8 21 0 0 -7 20 -6 22 -9 20 -8 23 -6 21 -4 22 -4 21 -4 20 -4 23 -6 19 -7 21 -6 19 -3 17 -3 19 -4 17 -4 18 -1 17 -2 15 1 17 4 16 0 17 2 15 2 15 8 15 5 20 7 19 0 0 0 0 0 0 0 0 0 0 ],1690358278.7661018
CSI_DATA,AP,C8:F0:9E:F2:C2:EC,-78,11,0,0,0,0,0,0,0,0,0,-97,0,6,1,244351943,0,28,0,0,244.78,128,[28 -64 1 0 0 0 0 0 0 0 0 0 -8 -25 -6 -23 -5 -27 -2 -26 0 -25 -1 -23 1 -25 -2 -20 0 -21 1 -19 1 -22 3 -23 -1 -22 1 -21 2 -21 3 -21 5 -19 5 -20 1 -20 6 -20 3 -17 2 -21 5 -21 3 -22 4 -24 5 -24 0 0 8 -24 8 -23 8 -25 4 -23 3 -21 5 -22 6 -21 4 -22 4 -19 3 -20 3 -16 4 -21 6 -20 2 -20 5 -16 4 -20 4 -18 -2 -17 0 -16 1 -16 1 -16 -2 -18 -2 -22 -3 -21 -5 -20 -5 -19 0 0 0 0 0 0 0 0 0 0 ],1690358278.8147993
CSI_DATA,AP,C8:F0:9E:F2:C2:EC,-78,11,0,0,0,0,0,0,0,0,0,-97,0,6,1,246268130,0,28,0,0,246.667,128,[28 -64 1 0 0 0 0 0 0 0 0 0 15 11 15 16 19 14 17 18 17 17 17 18 13 18 11 20 12 18 12 18 13 18 14 17 13 17 9 19 11 17 13 18 14 15 11 15 12 16 11 17 11 17 15 17 13 19 14 19 13 26 12 22 0 0 10 21 12 21 9 22 9 23 10 20 10 22 8 18 8 20 11 19 8 19 7 20 8 16 8 17 9 16 9 14 6 11 14 11 12 9 12 13 10 9 11 10 17 10 19 3 18 8 16 4 18 4 0 0 0 0 0 0 0 0 0 0 ],1690358280.6851254
CSI_DATA,AP,C8:F0:9E:F2:C2:EC,-77,11,0,0,0,0,0,0,0,0,0,-97,0,6,1,247224245,0,28,0,0,247.623,128,[28 -64 1 0 0 0 0 0 0 0 0 0 20 -6 21 -4 21 -6 21 -3 18 -4 18 -3 17 -1 21 -3 19 -4 17 -3 20 -4 19 -1 19 -1 21 -2 16 -5 21 -4 20 -2 21 -1 17 0 25 0 26 0 26 1 19 -2 28 -1 21 5 21 -1 0 0 19 3 24 2 22 2 23 2 21 0 17 4 24 3 18 4 17 0 15 2 21 5 16 3 24 3 13 3 13 4 14 1 15 -5 15 -1 14 -2 16 -1 11 0 11 -5 13 -6 15 -8 14 -11 15 -11 0 0 0 0 0 0 0 0 0 0 ],1690358281.6476402
CSI_DATA,AP,C8:F0:9E:F2:C2:EC,-77,11,0,0,0,0,0,0,0,0,0,-97,0,6,1,247227585,0,28,0,0,247.655,128,[28 -64 1 0 0 0 0 0 0 0 0 0 -13 18 -16 13 -14 15 -18 16 -14 14 -16 11 -18 12 -16 12 -16 12 -15 15 -18 11 -15 11 -16 13 -15 12 -16 12 -16 14 -17 10 -14 14 -16 13 -15 14 -17 16 -17 16 -17 15 -17 17 -20 16 -20 11 0 0 -17 15 -21 14 -20 16 -18 15 -18 13 -18 13 -17 12 -19 14 -18 14 -20 12 -19 16 -17 12 -15 10 -15 9 -15 10 -12 12 -10 13 -10 15 -9 13 -13 15 -7 13 -6 13 -6 14 -5 17 -4 19 -4 19 0 0 0 0 0 0 0 0 0 0 ],1690358281.6954656
CSI_DATA,AP,C8:F0:9E:F2:C2:EC,-82,11,1,2,1,1,1,0,0,0,0,-97,0,6,1,247236442,0,157,0,0,247.698,384,[-99 -48 9 0 0 0 0 0 0 0 0 0 13 -11 14 -8 14 -11 11 -9 13 -10 13 -5 15 -7 17 -7 12 -4 14 -7 14 -11 12 -7 14 -5 16 -7 10 -5 14 -5 16 -6 17 -4 12 -5 19 -6 17 -8 13 -3 19 -2 18 -5 19 -5 19 -6 0 0 18 -2 24 -3 17 -3 19 -2 17 0 19 -1 20 3 19 2 15 -1 15 0 16 -4 15 -5 15 -2 14 -3 12 -1 17 3 14 -1 8 -5 11 -4 10 -2 10 -5 10 -4 7 -7 11 -12 9 -9 11 -8 0 0 0 0 0 0 0 0 0 0 ],1690358281.7273476
CSI_DATA,AP,C8:F0:9E:F2:C2:EC,-77,11,0,0,0,0,0,0,0,0,0,-97,0,6,1,250087982,0,28,0,0,250.487,128,[28 -64 1 0 0 0 0 0 0 0 0 0 23 -8 19 -3 25 -6 20 -3 25 -3 21 -1 26 1 22 3 21 -1 23 -2 21 0 23 1 23 0 22 -2 20 -1 24 -2 22 1 21 0 24 0 23 1 21 -2 24 2 24 5 26 2 27 2 27 3 0 0 27 4 25 3 25 4 27 4 22 2 23 4 26 2 22 6 19 1 25 6 21 1 20 3 17 3 18 4 21 2 16 0 20 -2 17 -1 14 -3 14 -6 13 -6 17 -7 19 -5 12 -9 16 -10 14 -13 0 0 0 0 0 0 0 0 0 0 ],1690358284.5113568
CSI_DATA,AP,C8:F0:9E:F2:C2:EC,-77,11,0,0,0,0,0,0,0,0,0,-97,0,6,1,251052331,0,28,0,0,251.451,128,[28 -64 1 0 0 0 0 0 0 0 0 0 -12 -3 -11 -3 -12 -6 -12 -4 -12 -5 -12 -7 -11 -5 -10 -5 -10 -5 -9 -5 -10 -6 -11 -5 -10 -7 -8 -6 -9 -5 -10 -7 -9 -7 -10 -6 -10 -7 -8 -6 -9 -5 -8 -6 -8 -6 -8 -6 -10 -5 -8 -6 0 0 -9 -7 -9 -5 -9 -4 -9 -4 -8 -4 -8 -5 -7 -3 -7 -4 -7 -4 -8 -5 -9 -3 -8 -2 -7 -2 -7 -3 -9 -2 -9 -1 -9 -2 -9 0 -8 0 -10 1 -9 -1 -9 2 -9 0 -9 0 -10 0 -9 1 0 0 0 0 0 0 0 0 0 0 ],1690358285.4920723
CSI_DATA,AP,C8:F0:9E:F2:C2:EC,-77,11,0,0,0,0,0,0,0,0,0,-97,0,6,1,252010538,0,28,0,0,252.409,128,[28 -64 1 0 0 0 0 0 0 0 0 0 -22 3 -20 3 -22 4 -21 3 -21 2 -20 1 -19 3 -20 1 -20 5 -20 3 -22 -2 -23 -3 -24 1 -21 0 -22 -1 -26 -2 -27 -1 -23 -5 -22 -4 -26 -5 -26 -8 -25 -5 -25 -6 -27 -5 -27 -12 -28 -11 0 0 -27 -10 -25 -9 -25 -9 -25 -8 -23 -9 -21 -8 -22 -6 -21 -6 -23 -5 -20 -5 -22 -7 -20 -5 -22 -3 -19 -6 -21 -3 -22 -2 -23 1 -19 0 -23 1 -24 2 -22 3 -26 1 -23 1 -26 2 -24 6 -25 5 0 0 0 0 0 0 0 0 0 0 ],1690358286.4302206
CSI_DATA,AP,C8:F0:9E:F2:C2:EC,-76,11,0,0,0,0,0,0,0,0,0,-97,0,6,1,252973790,0,28,0,0,253.373,128,[28 -64 1 0 0 0 0 0 0 0 0 0 20 3 22 3 18 4 21 3 17 6 16 4 19 5 19 8 18 5 15 5 19 7 20 4 18 6 18 6 18 7 17 7 19 7 15 8 20 10 18 10 17 10 14 12 16 12 18 11 20 10 17 11 0 0 12 12 16 13 17 13 17 8 17 10 18 13 14 9 15 11 17 8 17 10 20 10 20 15 16 8 19 9 15 14 17 11 18 12 17 11 14 13 20 5 17 11 19 9 18 12 17 4 13 12 17 6 0 0 0 0 0 0 0 0 0 0 ],1690358287.3943608
CSI_DATA,AP,C8:F0:9E:F2:C2:EC,-86,11,0,0,0,0,0,0,0,0,0,-97,0,6,1,254885873,0,28,0,0,255.285,128,[28 -64 1 0 0 0 0 0 0 0 0 0 -1 4 3 5 3 3 2 5 -3 5 3 4 -1 6 2 8 -1 9 -1 12 -6 7 -5 8 -6 5 -5 6 -5 6 -18 6 -18 8 -16 7 -14 1 -16 0 -17 0 -17 3 -16 -4 -17 -5 -19 0 -17 -4 0 0 -16 -7 -14 -4 -13 -5 -15 -5 -9 -5 -14 -6 -14 -4 -16 -3 -10 0 -4 -7 -14 -7 -9 -4 -9 0 -11 -1 -13 3 -12 8 -5 10 -14 9 -14 9 -10 11 -18 5 -9 16 -13 19 -9 16 -15 19 -18 20 0 0 0 0 0 0 0 0 0 0 ],1690358289.312317
CSI_DATA,AP,C8:F0:9E:F2:C2:EC,-87,11,0,0,0,0,0,0,0,0,0,-97,0,6,1,254889816,0,28,0,0,255.318,128,[28 -64 1 0 0 0 0 0 0 0 0 0 0 0 -4 0 2 1 -4 7 0 7 -9 7 -6 7 -2 8 -3 4 -10 7 -13 0 -16 8 -7 2 -11 4 -16 7 -17 -1 -18 -7 -12 4 -16 -5 -18 -2 -14 -6 -17 -6 -12 -7 -18 -7 -11 -9 -12 -10 0 0 -18 -13 -19 -14 -12 -8 -16 -4 -14 -10 -7 -5 -10 -6 -11 -5 -17 -9 -9 -4 -6 -2 -18 1 -8 6 -11 2 -9 4 -9 0 -11 12 -8 9 -12 11 -5 13 -8 17 -10 15 -12 22 -9 26 -9 15 -8 21 0 0 0 0 0 0 0 0 0 0 ],1690358289.3609798
CSI_DATA,AP,C8:F0:9E:F2:C2:EC,-81,11,0,0,0,0,0,0,0,0,0,-97,0,6,1,257759300,0,28,0,0,258.158,128,[28 -64 1 0 0 0 0 0 0 0 0 0 2 14 0 12 -1 11 2 11 0 14 -1 10 -4 13 -6 10 -3 14 -1 16 -5 18 -3 18 -4 14 -7 18 -8 15 -8 19 -10 15 -12 14 -10 13 -10 20 -13 11 -13 12 -14 11 -8 11 -11 12 -14 14 0 0 -12 15 -5 13 -4 13 -3 16 -2 13 -4 15 -2 17 0 15 2 19 2 20 1 19 2 16 3 19 4 16 8 20 4 18 6 22 6 23 8 23 8 22 7 24 12 24 10 27 9 25 10 27 9 27 0 0 0 0 0 0 0 0 0 0 ],1690358292.1762779
CSI_DATA,AP,C8:F0:9E:F2:C2:EC,-82,11,0,0,0,0,0,0,0,0,0,-97,0,6,1,257762196,0,28,0,0,258.189,128,[28 -64 1 0 0 0 0 0 0 0 0 0 15 -3 7 4 9 -1 9 1 14 10 10 1 15 2 10 7 8 6 15 7 12 6 11 12 15 10 13 14 7 12 13 16 12 17 9 13 7 19 10 19 8 15 6 17 10 19 8 18 12 18 7 14 0 0 9 15 4 15 9 16 8 13 10 13 13 8 12 11 9 11 16 10 13 8 16 11 17 13 17 8 11 7 17 9 20 11 23 8 23 9 24 12 23 13 25 5 28 10 25 12 24 10 31 10 30 11 0 0 0 0 0 0 0 0 0 0 ],1690358292.2242656
CSI_DATA,AP,C8:F0:9E:F2:C2:EC,-82,11,0,0,0,0,0,0,0,0,0,-97,0,6,1,258715749,0,28,0,0,259.114,128,[28 -64 1 0 0 0 0 0 0 0 0 0 1 -15 -2 -15 -3 -11 -2 -16 3 -17 0 -14 -5 -13 3 -14 1 -19 4 -21 3 -22 5 -23 3 -23 0 -19 7 -24 1 -24 11 -23 11 -22 8 -18 11 -25 9 -22 9 -22 10 -23 12 -13 13 -21 14 -16 0 0 5 -16 2 -13 4 -12 3 -19 6 -10 1 -17 3 -17 -2 -15 2 -13 0 -16 -4 -17 -3 -15 -2 -13 -6 -13 -4 -14 -8 -17 -11 -15 -11 -16 -13 -15 -12 -14 -18 -17 -19 -17 -17 -15 -19 -17 -22 -12 -19 -18 0 0 0 0 0 0 0 0 0 0 ],1690358293.1477528
CSI_DATA,AP,C8:F0:9E:F2:C2:EC,-82,11,0,0,0,0,0,0,0,0,0,-97,0,6,1,258718396,0,28,0,0,259.151,128,[28 -64 1 0 0 0 0 0 0 0 0 0 13 -8 12 -10 13 -11 14 -12 8 -7 17 -11 11 -9 14 -10 16 -12 17 -9 16 -6 14 -8 23 -3 20 -8 20 -5 22 -4 23 -4 22 -2 23 2 20 5 23 4 18 3 17 5 21 2 14 4 23 5 0 0 19 4 16 4 18 2 19 1 10 3 16 2 15 0 15 -4 19 -1 16 -2 11 -1 15 -6 14 -7 18 -6 13 -11 16 -15 11 -9 16 -15 12 -19 16 -15 15 -16 15 -20 13 -16 18 -24 19 -23 19 -24 0 0 0 0 0 0 0 0 0 0 ],1690358293.1856923
CSI_DATA,AP,C8:F0:9E:F2:C2:EC,-83,11,0,0,0,0,0,0,0,0,0,-97,0,6,1,262530887,0,28,0,0,262.93,128,[28 -64 1 0 0 0 0 0 0 0 0 0 5 20 5 18 6 20 1 18 1 15 2 21 -1 18 -2 16 1 15 2 19 0 14 1 19 4 18 -1 14 -1 16 -5 13 2 19 1 15 -2 18 0 13 -5 13 0 14 -3 10 0 11 -1 13 -5 14 0 0 -3 14 1 12 -2 11 -1 10 3 8 1 10 2 11 -1 13 2 8 -1 8 2 10 4 7 3 10 5 8 6 7 9 8 14 8 15 8 16 10 14 10 14 13 16 10 15 10 23 17 21 15 20 14 0 0 0 0 0 0 0 0 0 0 ],1690358296.9665136
CSI_DATA,AP,C8:F0:9E:F2:C2:EC,-83,11,0,0,0,0,0,0,0,0,0,-97,0,6,1,262533319,0,28,0,0,262.96,128,[28 -64 1 0 0 0 0 0 0 0 0 0 23 -7 24 -4 23 -3 28 0 22 -4 28 -1 23 2 19 -3 19 -6 24 -2 14 1 19 -2 13 2 23 2 24 1 24 0 19 0 20 -4 16 1 17 2 11 -3 18 4 20 -2 14 7 15 0 15 3 0 0 18 -3 16 1 13 0 12 4 14 -5 16 -1 12 4 11 -1 6 -12 9 0 13 -5 10 -3 9 -9 10 -9 11 -11 12 -12 12 -15 11 -18 10 -19 6 -25 6 -22 9 -23 8 -29 14 -28 14 -30 12 -31 0 0 0 0 0 0 0 0 0 0 ],1690358296.9986012
CSI_DATA,AP,C8:F0:9E:F2:C2:EC,-81,11,0,0,0,0,0,0,0,0,0,-97,0,6,1,266338424,0,28,0,0,266.737,128,[28 -64 1 0 0 0 0 0 0 0 0 0 14 16 14 18 13 16 8 16 13 19 6 16 3 16 3 21 5 16 4 11 7 16 3 18 4 19 -1 17 1 14 3 20 -2 17 2 18 2 19 -3 16 2 19 2 15 -1 18 -1 18 -3 22 -2 20 0 0 1 18 1 20 0 18 -1 20 3 17 -1 18 4 16 3 15 3 19 6 19 2 22 3 17 5 14 10 15 10 19 10 19 11 19 13 20 10 18 14 15 17 21 14 16 17 16 21 23 21 16 22 18 0 0 0 0 0 0 0 0 0 0 ],1690358300.767598