type,role,mac,rssi,rate,sig_mode,mcs,bandwidth,smoothing,not_sounding,aggregation,stbc,fec_coding,sgi,noise_floor,ampdu_cnt,channel,secondary_channel,local_timestamp,ant,sig_len,rx_state,real_time_set,real_timestamp,len,CSI_DATA
CSI_DATA,STA,C8:F0:9E:F2:A4:F5,-66,11,0,0,0,0,0,0,0,0,0,-98,0,6,1,125798,0,34,0,0,0.336482,128,[34 32 2 0 0 0 0 0 0 0 0 0 -3 -15 -2 -16 0 -19 0 -19 3 -20 5 -20 7 -19 9 -21 10 -19 11 -18 11 -18 11 -16 12 -14 11 -12 12 -10 11 -12 6 -11 9 -10 3 -8 -1 -9 6 -8 2 -10 1 -8 -4 -9 -6 -9 -5 -9 0 0 -8 -14 -8 -15 -12 -12 -8 -16 -16 -15 -19 -16 -10 -16 -13 -18 -14 -15 -16 -18 -17 -21 -18 -17 -18 -18 -17 -21 -18 -21 -17 -21 -19 -21 -18 -21 -16 -21 -15 -20 -15 -19 -16 -18 -16 -15 -18 -14 -16 -13 -18 -12 0 0 0 0 0 0 0 0 0 0 ]
CSI_DATA,STA,C8:F0:9E:F2:A4:F5,-66,11,0,0,0,0,0,0,0,0,0,-98,0,6,1,4177186,0,30,0,0,4.38763,128,[30 -32 1 0 0 0 0 0 0 0 0 0 -15 -3 -16 -5 -17 -6 -20 -6 -20 -7 -19 -9 -18 -10 -18 -10 -16 -11 -16 -11 -16 -12 -14 -12 -13 -12 -13 -11 -13 -10 -12 -9 -13 -8 -11 -8 -13 -7 -13 -6 -13 -6 -15 -3 -11 -2 -11 -1 -14 0 -13 2 0 0 -12 4 -12 5 -12 6 -12 7 -13 8 -12 9 -12 11 -13 11 -12 14 -13 14 -14 15 -14 15 -14 15 -14 17 -16 17 -18 17 -18 18 -18 19 -19 18 -17 16 -17 15 -18 14 -17 12 -16 12 -15 11 -14 10 0 0 0 0 0 0 0 0 0 0 ]
CSI_DATA,STA,C8:F0:9E:F2:A4:F5,-67,11,0,0,0,0,0,0,0,0,0,-98,0,6,1,6678193,0,131,0,0,6.88966,128,[-125 48 8 0 0 0 0 0 0 0 0 0 -24 -2 -22 -5 -23 -5 -22 -7 -20 -8 -18 -11 -18 -11 -16 -11 -15 -12 -15 -10 -14 -12 -15 -11 -14 -9 -11 -8 -13 -8 -12 -5 -13 -6 -10 -6 -11 -2 -11 1 -14 -5 -13 -5 -17 5 -12 6 -15 -4 -10 -1 0 0 -17 -1 -18 6 -14 1 -16 11 -19 7 -21 7 -19 7 -19 7 -18 6 -19 8 -25 8 -25 8 -21 8 -25 7 -20 4 -24 5 -24 4 -21 4 -20 5 -20 5 -18 4 -18 5 -16 7 -16 8 -14 8 -13 10 0 0 0 0 0 0 0 0 0 0 ]
CSI_DATA,STA,C8:F0:9E:F2:A4:F5,-68,11,0,0,0,0,0,0,0,0,0,-98,0,6,1,6683648,0,135,0,0,6.89659,128,[-121 112 8 0 0 0 0 0 0 0 0 0 48 37 47 39 42 44 41 53 31 46 28 48 29 50 21 43 18 44 15 40 18 43 17 38 19 34 15 33 19 33 22 19 17 36 8 16 34 22 26 20 20 15 5 19 26 10 43 17 51 16 42 10 0 0 35 8 59 2 52 12 48 0 34 6 46 12 60 7 63 4 60 5 55 13 55 7 58 10 61 15 62 15 53 15 62 15 56 9 56 10 55 7 50 10 51 0 44 2 46 -2 44 -6 35 -5 38 -8 0 0 0 0 0 0 0 0 0 0 ]
CSI_DATA,STA,C8:F0:9E:F2:A4:F5,-73,11,0,0,0,0,0,0,0,0,0,-95,0,6,1,11035289,0,37,0,0,11.2467,128,[37 80 2 0 0 0 0 0 0 0 0 0 12 -8 13 -5 13 -4 16 -4 19 -2 20 -1 19 0 19 3 17 3 18 7 18 6 16 5 18 6 16 6 17 3 13 1 18 2 13 4 8 2 10 3 11 1 10 -3 7 -5 6 -5 5 -4 6 -3 0 0 4 -13 4 -12 8 -13 2 -11 7 -22 5 -19 4 -17 11 -20 7 -23 5 -18 4 -24 4 -30 1 -26 5 -25 4 -26 7 -28 5 -29 6 -27 7 -26 6 -24 6 -22 5 -24 3 -21 3 -20 2 -19 2 -21 0 0 0 0 0 0 0 0 0 0 ]
CSI_DATA,STA,C8:F0:9E:F2:A4:F5,-72,11,0,0,0,0,0,0,0,0,0,-95,0,6,1,11068036,0,82,0,0,11.2793,128,[82 -96 4 0 0 0 0 0 0 0 0 0 15 17 14 19 12 22 12 26 6 26 5 29 4 35 0 29 -4 32 -5 33 -8 29 -9 32 -6 32 -11 26 -8 22 -7 28 -1 24 -9 18 -6 20 -4 24 9 15 1 19 -1 18 -4 21 9 16 9 10 0 0 14 13 17 17 22 -4 13 12 24 11 28 21 38 12 29 9 39 16 34 7 38 19 43 10 40 11 46 18 41 25 42 21 42 19 40 19 37 23 34 18 34 18 29 15 29 14 30 11 27 9 26 7 0 0 0 0 0 0 0 0 0 0 ]
CSI_DATA,STA,C8:F0:9E:F2:A4:F5,-72,11,0,0,0,0,0,0,0,0,0,-95,0,6,1,11086815,0,37,0,0,11.298,128,[37 80 2 0 0 0 0 0 0 0 0 0 5 8 5 9 5 10 4 12 3 12 1 14 1 16 0 14 -1 13 -3 14 -1 13 -2 14 -4 13 -2 14 -2 11 -2 13 -1 9 0 10 0 8 -1 10 -4 3 2 8 0 9 -6 8 4 6 3 3 0 0 8 4 7 7 12 -1 7 -1 8 1 11 -1 14 -1 13 1 11 -4 19 -1 17 -3 19 0 17 0 16 -3 20 -4 22 0 21 -2 20 -1 20 -2 18 -2 16 -3 15 -2 16 -3 15 -3 12 -5 11 -4 0 0 0 0 0 0 0 0 0 0 ]
CSI_DATA,STA,C8:F0:9E:F2:A4:F5,-75,11,1,0,1,1,1,1,0,0,0,-95,1,6,1,11376084,0,110,0,0,11.5874,384,[110 96 6 0 0 0 0 0 0 0 0 0 4 -2 5 -2 5 -1 5 2 3 0 8 0 6 3 6 4 6 5 6 5 6 5 5 5 5 5 5 6 5 5 4 5 3 2 5 5 3 4 5 3 2 2 1 2 4 1 6 1 0 0 6 0 0 0 5 -1 2 0 6 -8 3 -1 5 -1 0 0 9 -6 5 -6 5 -4 4 -8 9 -7 7 -7 6 -10 9 -8 7 -9 8 -7 8 -8 6 -9 14 -13 5 -11 7 -7 5 -6 4 -6 4 -7 3 -7 2 -6 0 0 0 0 0 0 0 0 0 0 ]
CSI_DATA,STA,C8:F0:9E:F2:A4:F5,-75,11,1,0,1,1,1,1,0,0,0,-95,2,6,1,11495270,0,110,0,0,11.7068,384,[110 96 6 0 0 0 0 0 0 0 0 0 -2 6 -5 6 -6 6 -7 6 -8 6 -9 6 -11 6 -11 4 -11 4 -11 3 -11 3 -11 3 -11 1 -10 2 -9 4 -12 1 -6 1 -9 -3 -9 3 -10 -3 -9 3 -10 0 0 2 -5 5 -1 4 -2 5 0 0 -3 2 2 6 -3 4 -6 8 -3 9 -4 10 -4 14 -1 10 3 1 2 9 7 9 3 9 5 10 3 12 3 11 4 13 4 13 4 12 2 12 4 11 2 10 2 11 2 8 3 8 3 7 3 6 0 0 0 0 0 0 0 0 0 0 ]
CSI_DATA,STA,C8:F0:9E:F2:A4:F5,-75,11,1,0,1,1,1,1,0,0,0,-93,1,6,1,11686224,0,110,0,0,11.8976,384,[110 96 6 0 0 0 0 0 0 0 0 0 -1 6 -2 7 -3 7 -4 8 -5 7 -7 8 -7 8 -7 8 -9 8 -8 6 -8 7 -9 8 -10 8 -10 7 -9 6 -9 6 -8 5 -8 5 -9 5 -5 3 -7 4 -4 3 -7 3 1 4 -4 2 -4 5 0 0 1 3 0 5 4 4 5 3 5 2 4 6 7 6 5 2 10 3 9 1 11 2 9 3 9 6 12 4 13 3 9 6 10 5 12 4 8 4 8 3 8 3 9 5 8 2 8 0 6 0 7 -1 0 0 0 0 0 0 0 0 0 0 ]
CSI_DATA,STA,C8:F0:9E:F2:A4:F5,-76,11,0,0,0,0,0,0,0,0,0,-93,0,6,1,11866030,0,110,0,0,12.0775,128,[110 96 6 0 0 0 0 0 0 0 0 0 -7 30 -2 39 -21 42 -27 52 -26 48 -32 51 -51 51 -50 47 -59 54 -61 49 -65 53 -70 41 -70 47 -63 45 -55 36 -68 35 -65 36 -59 39 -60 21 -57 27 -51 35 -38 30 -35 33 -30 38 -25 32 -25 23 0 0 0 41 -2 44 -6 33 37 32 12 32 13 40 43 31 35 24 46 28 42 49 57 54 48 33 52 49 59 51 55 56 62 57 57 49 58 45 59 52 43 46 53 44 52 37 47 38 42 35 36 25 37 19 0 0 0 0 0 0 0 0 0 0 ]
CSI_DATA,STA,C8:F0:9E:F2:A4:F5,-74,11,0,0,0,0,0,0,0,0,0,-93,0,6,1,12088273,0,110,0,0,12.2997,128,[110 96 6 0 0 0 0 0 0 0 0 0 -9 -13 -6 -15 -9 -18 -7 -20 -4 -23 -2 -24 -2 -26 1 -25 2 -27 3 -27 2 -28 6 -29 7 -26 8 -26 8 -26 6 -25 8 -23 7 -23 6 -23 7 -18 8 -17 6 -17 3 -16 12 -19 1 -16 -2 -12 0 0 -6 -13 -10 -10 -9 -1 -9 -5 -11 -4 -14 -6 -14 -5 -19 -5 -21 -6 -25 -6 -28 -4 -25 -1 -25 -10 -27 -4 -27 -3 -34 -4 -28 -4 -26 -5 -26 -3 -25 -3 -24 -5 -22 -2 -20 -2 -20 0 -16 1 -15 3 0 0 0 0 0 0 0 0 0 0 ]
CSI_DATA,STA,C8:F0:9E:F2:A4:F5,-73,11,0,0,0,0,0,0,0,0,0,-93,0,6,1,12105197,0,110,0,0,12.3162,128,[110 96 6 0 0 0 0 0 0 0 0 0 11 10 11 17 13 21 12 22 11 26 10 28 9 32 7 33 6 36 3 36 2 39 2 36 -1 38 0 37 0 32 2 31 -1 35 1 29 -8 28 -4 26 0 31 -4 22 -2 17 4 17 9 20 7 20 0 0 17 16 13 10 15 0 11 1 23 8 13 3 24 -1 19 3 18 -5 25 -10 25 -7 31 -15 29 -14 32 -14 29 -11 29 -11 34 -15 32 -13 32 -13 26 -14 25 -12 24 -10 22 -10 18 -13 17 -11 12 -12 0 0 0 0 0 0 0 0 0 0 ]
CSI_DATA,STA,C8:F0:9E:F2:A4:F5,-78,11,1,2,1,1,1,0,0,0,0,-93,0,6,1,12129605,0,110,0,0,12.3404,384,[110 96 6 0 0 0 0 0 0 0 0 0 1 2 3 4 4 5 3 7 3 9 3 11 1 11 1 12 -1 12 0 11 -2 12 -2 12 -2 11 -3 12 -2 12 -2 11 -3 10 -1 9 -2 9 -2 8 -3 8 -3 9 -2 7 -1 5 -2 6 1 5 0 0 2 5 3 2 4 2 5 1 6 0 6 0 6 1 6 -2 10 -2 11 -1 9 -3 9 -3 10 -3 10 -4 13 -2 12 -3 11 -3 13 -2 10 -3 10 -3 10 -2 8 -2 8 -3 7 -4 7 -4 5 -5 0 0 0 0 0 0 0 0 0 0 ]
CSI_DATA,STA,C8:F0:9E:F2:A4:F5,-79,11,1,2,1,1,1,0,0,0,0,-93,0,6,1,12157235,0,110,0,0,12.3684,384,[110 96 6 0 0 0 0 0 0 0 0 0 -4 0 -6 3 -8 -2 -9 0 -9 1 -13 -2 -12 -4 -8 1 -12 -1 -10 -4 -13 -5 -15 -5 -14 -6 -10 -7 -13 -6 -14 -4 -12 -7 -9 -7 -12 -4 -10 -1 -12 -2 -10 -4 -7 -7 -12 -4 -4 0 -9 -4 0 0 -7 -4 -6 1 -4 5 -5 1 -4 4 -2 7 -5 11 0 6 -1 6 1 10 -1 12 3 11 0 10 0 14 -3 11 -1 13 2 13 0 12 -2 14 -1 14 -4 8 4 8 4 10 1 6 1 8 0 5 0 0 0 0 0 0 0 0 0 0 ]
CSI_DATA,STA,C8:F0:9E:F2:A4:F5,-73,11,0,0,0,0,0,0,0,0,0,-93,0,6,1,12176131,0,110,0,0,12.3872,128,[110 96 6 0 0 0 0 0 0 0 0 0 9 -20 18 -23 17 -16 24 -23 20 -27 27 -28 25 -27 36 -22 46 -23 43 -9 56 -10 40 -4 45 -1 50 -13 44 -1 43 -5 47 -8 39 -6 35 -6 43 0 43 -4 31 -1 26 -5 2 -7 22 -4 22 -3 0 0 18 -11 8 -8 8 -4 9 -23 6 -18 -3 -15 -6 -22 -10 -31 18 -41 37 -64 -16 -37 -7 -27 -6 -57 -16 -40 -11 -44 -5 -41 -7 -47 -13 -39 -7 -45 -13 -31 -16 -39 -6 -38 -4 -29 -7 -17 -9 -28 -7 -18 0 0 0 0 0 0 0 0 0 0 ]
CSI_DATA,STA,C8:F0:9E:F2:A4:F5,-76,11,0,0,0,0,0,0,0,0,0,-93,0,6,1,12187566,0,110,0,0,12.3986,128,[110 96 6 0 0 0 0 0 0 0 0 0 -27 -18 -36 -23 -38 -32 -45 -45 -40 -46 -46 -57 -32 -58 -38 -63 -40 -78 -29 -71 -36 -76 -27 -78 -21 -83 -28 -72 -31 -73 -24 -68 -22 -85 -9 -62 -39 -66 -16 -73 -11 -51 -19 -34 -16 -39 -25 -33 -13 -15 -27 -13 0 0 -26 -14 -53 -12 -28 4 -35 27 -35 36 -39 21 -37 21 -26 22 -36 48 -43 52 -41 46 -42 49 -37 63 -63 57 -28 55 -54 65 -47 63 -37 55 -44 58 -35 55 -40 55 -29 55 -25 46 -23 46 -5 37 -7 39 0 0 0 0 0 0 0 0 0 0 ]
CSI_DATA,STA,C8:F0:9E:F2:A4:F5,-75,11,0,0,0,0,0,0,0,0,0,-93,0,6,1,12210031,0,110,0,0,12.421,128,[110 96 6 0 0 0 0 0 0 0 0 0 29 12 32 18 33 25 38 28 36 35 41 39 40 46 40 53 41 59 33 60 39 62 34 68 27 67 31 57 28 63 35 60 23 61 23 41 16 53 34 47 19 53 14 47 27 45 26 32 4 26 30 14 0 0 21 5 11 18 35 -9 29 -3 20 -2 19 -32 39 -32 24 -22 26 -45 31 -42 19 -40 23 -48 31 -54 20 -46 39 -53 37 -63 31 -61 33 -54 27 -57 23 -52 25 -57 19 -50 11 -44 11 -47 4 -37 7 -34 0 0 0 0 0 0 0 0 0 0 ]
CSI_DATA,STA,C8:F0:9E:F2:A4:F5,-74,11,0,0,0,0,0,0,0,0,0,-93,0,6,1,12237535,0,110,0,0,12.4487,128,[110 96 6 0 0 0 0 0 0 0 0 0 4 12 1 15 4 17 3 23 1 20 -2 23 -1 23 -7 25 -5 25 -7 26 -11 29 -10 26 -14 28 -14 22 -12 24 -11 23 -10 24 -8 19 -7 18 -7 16 -10 18 -4 14 -3 13 -5 15 -1 9 2 11 0 0 2 7 3 12 6 9 8 7 8 11 13 0 11 5 17 8 13 2 19 4 21 0 21 6 26 2 26 6 25 -1 22 4 28 2 25 5 21 1 24 1 23 -2 18 2 20 5 18 -4 15 -2 13 0 0 0 0 0 0 0 0 0 0 0 ]
CSI_DATA,STA,C8:F0:9E:F2:A4:F5,-73,11,0,0,0,0,0,0,0,0,0,-93,0,6,1,12282543,0,110,0,0,12.4945,128,[110 96 6 0 0 0 0 0 0 0 0 0 1 -12 1 -15 1 -12 -1 -15 5 -16 2 -18 4 -21 2 -22 7 -20 5 -22 6 -22 3 -27 4 -23 4 -24 2 -21 4 -22 2 -22 1 -16 1 -25 -1 -20 1 -17 -7 -17 -5 -10 -7 -12 -4 -8 -3 -6 0 0 -13 -1 -7 -3 -7 -3 -10 5 -10 -2 -6 11 -4 -1 5 4 -3 24 -14 20 -19 20 1 8 -3 18 -2 22 -8 17 -4 19 -4 18 -5 19 1 17 0 15 -2 18 1 15 0 11 4 9 3 10 5 9 0 0 0 0 0 0 0 0 0 0 ]
CSI_DATA,STA,C8:F0:9E:F2:A4:F5,-79,11,1,2,1,1,1,0,0,0,0,-93,0,6,1,12291772,0,110,0,0,12.5026,384,[110 96 6 0 0 0 0 0 0 0 0 0 13 -1 13 0 18 4 22 3 24 7 21 8 19 12 18 13 21 17 19 19 24 22 18 20 18 22 12 17 12 20 18 27 10 20 13 21 5 16 5 18 -2 17 14 21 8 13 24 16 14 11 7 12 0 0 8 1 2 0 10 -8 10 -8 4 0 19 -1 19 -4 20 -13 26 -9 23 -11 24 -15 21 -9 26 -22 20 -18 23 -9 22 -10 24 -13 20 -13 20 -13 15 -10 21 -9 16 -10 21 -11 15 -9 19 -3 15 -19 0 0 0 0 0 0 0 0 0 0 ]
CSI_DATA,STA,C8:F0:9E:F2:A4:F5,-73,11,0,0,0,0,0,0,0,0,0,-93,0,6,1,12298104,0,110,0,0,12.5093,128,[110 96 6 0 0 0 0 0 0 0 0 0 -8 -20 -6 -31 6 -38 6 -33 1 -44 6 -34 24 -44 20 -33 15 -56 24 -49 23 -49 44 -37 29 -39 30 -50 32 -24 19 -44 26 -41 25 -28 22 -27 27 -34 23 -30 14 -16 15 -35 11 -21 12 -26 9 -27 0 0 -5 -21 0 -22 -5 -23 -24 -16 -19 -29 -29 -22 -20 -20 -26 -14 -48 -10 -60 -28 -41 -4 -33 -9 -46 -18 -48 -2 -46 -6 -44 -9 -44 -10 -49 -2 -45 -7 -42 -12 -35 -8 -35 4 -31 3 -29 6 -27 11 -23 12 0 0 0 0 0 0 0 0 0 0 ]
CSI_DATA,STA,C8:F0:9E:F2:A4:F5,-76,11,0,0,0,0,0,0,0,0,0,-93,0,6,1,12316292,0,110,0,0,12.5273,128,[110 96 6 0 0 0 0 0 0 0 0 0 24 25 23 34 22 45 22 56 14 54 14 57 10 70 8 67 1 78 -3 76 -6 86 -10 82 -11 87 -12 81 -14 67 -13 74 -17 66 -17 54 -15 53 -14 70 -9 65 -16 51 -10 48 12 41 7 41 11 36 0 0 24 26 24 29 21 40 31 23 32 19 56 -1 55 2 41 11 65 -3 61 -21 64 -8 65 -6 71 -12 66 -2 77 0 81 -2 78 -1 76 -1 67 1 61 3 65 -5 61 -4 58 -6 56 -8 40 -15 39 -11 0 0 0 0 0 0 0 0 0 0 ]
CSI_DATA,STA,C8:F0:9E:F2:A4:F5,-75,11,0,0,0,0,0,0,0,0,0,-93,0,6,1,12373862,0,110,0,0,12.5851,128,[110 96 6 0 0 0 0 0 0 0 0 0 -26 -11 -27 -15 -33 -16 -33 -27 -35 -29 -34 -37 -40 -41 -34 -45 -34 -47 -30 -52 -30 -52 -27 -58 -27 -55 -24 -48 -18 -55 -27 -58 -20 -54 -16 -44 -25 -35 -18 -39 -23 -41 -22 -34 -18 -21 -11 -22 -10 -26 -16 -32 0 0 -12 -20 -17 -12 -16 -4 -33 3 -22 -13 -33 1 -24 11 -26 0 -35 13 -28 25 -34 26 -40 39 -34 26 -44 30 -44 26 -45 34 -50 30 -47 32 -41 28 -41 35 -37 27 -36 24 -32 25 -26 24 -22 23 -16 19 0 0 0 0 0 0 0 0 0 0 ]
CSI_DATA,STA,C8:F0:9E:F2:A4:F5,-75,11,0,0,0,0,0,0,0,0,0,-93,0,6,1,12393842,0,110,0,0,12.6052,128,[110 96 6 0 0 0 0 0 0 0 0 0 -29 -5 -39 -7 -47 -13 -53 -20 -52 -20 -53 -27 -57 -38 -53 -44 -61 -52 -49 -50 -54 -55 -56 -67 -53 -64 -40 -57 -52 -57 -47 -60 -37 -58 -49 -36 -41 -44 -30 -45 -43 -44 -42 -49 -16 -42 -40 -39 -29 -34 -37 -18 0 0 -41 -21 -38 -7 -40 4 -17 7 -36 16 -27 4 -49 37 -37 27 -55 12 -36 28 -48 39 -33 43 -44 57 -54 47 -57 52 -66 50 -59 50 -55 44 -49 43 -44 41 -49 40 -37 39 -41 39 -35 34 -31 32 -22 30 0 0 0 0 0 0 0 0 0 0 ]
CSI_DATA,STA,C8:F0:9E:F2:A4:F5,-74,11,0,0,0,0,0,0,0,0,0,-93,0,6,1,12597516,0,110,0,0,12.8089,128,[110 96 6 0 0 0 0 0 0 0 0 0 -14 -8 -8 -12 -18 -14 -16 -30 -19 -28 -19 -22 -12 -28 -9 -36 -11 -40 -13 -33 -18 -34 -18 -38 -9 -39 -8 -33 -8 -38 -3 -30 -9 -38 -11 -28 -3 -29 -5 -26 -8 -19 0 -26 -6 -25 -13 -14 -14 -18 -14 -14 0 0 -14 -17 -10 -9 -25 -5 -14 -6 -21 -9 -28 2 -33 2 -38 -11 -24 -25 -42 11 -37 -7 -38 1 -33 10 -33 5 -37 5 -41 5 -35 3 -36 -3 -37 1 -29 0 -32 1 -32 -1 -23 2 -25 3 -21 2 -19 3 0 0 0 0 0 0 0 0 0 0 ]
CSI_DATA,STA,C8:F0:9E:F2:A4:F5,-74,11,0,0,0,0,0,0,0,0,0,-93,0,6,1,12611667,0,110,0,0,12.8229,128,[110 96 6 0 0 0 0 0 0 0 0 0 -4 10 -7 12 -8 12 -12 15 -13 12 -17 16 -17 14 -20 13 -20 13 -20 11 -22 12 -22 10 -26 10 -23 9 -27 8 -23 11 -24 8 -21 10 -22 4 -23 5 -18 7 -15 9 -21 9 -15 9 -13 4 -11 5 0 0 -10 8 -1 8 -2 12 -1 3 2 15 8 14 6 14 11 11 10 11 9 15 12 17 19 19 14 15 16 21 13 20 18 23 18 20 15 20 14 19 13 19 12 19 17 13 11 17 7 14 8 10 9 9 0 0 0 0 0 0 0 0 0 0 ]
CSI_DATA,STA,C8:F0:9E:F2:A4:F5,-77,11,0,0,0,0,0,0,0,0,0,-93,0,6,1,12624325,0,110,0,0,12.8354,128,[110 96 6 0 0 0 0 0 0 0 0 0 2 -27 13 -45 15 -44 20 -59 20 -49 28 -60 34 -67 44 -62 59 -56 63 -57 63 -61 68 -63 66 -59 65 -48 64 -50 78 -53 81 -43 59 -36 58 -30 68 -37 34 -30 62 -39 44 -50 27 -35 28 -28 40 -51 0 0 5 -56 5 -52 -24 -57 -5 -45 -17 -32 -13 -51 -19 -39 -11 -61 -42 -61 -43 -54 -57 -67 -38 -57 -60 -52 -44 -68 -50 -72 -65 -75 -56 -66 -48 -68 -39 -71 -48 -65 -44 -61 -32 -53 -32 -47 -36 -49 -40 -36 -34 -30 0 0 0 0 0 0 0 0 0 0 ]
CSI_DATA,STA,C8:F0:9E:F2:A4:F5,-75,11,0,0,0,0,0,0,0,0,0,-93,0,6,1,12681155,0,110,0,0,12.8924,128,[110 96 6 0 0 0 0 0 0 0 0 0 -26 0 -38 0 -46 -13 -49 -15 -30 -16 -51 -24 -52 -37 -58 -36 -57 -46 -56 -44 -62 -48 -59 -59 -57 -49 -58 -50 -57 -59 -47 -56 -47 -45 -45 -48 -47 -52 -35 -36 -35 -55 -33 -48 -38 -14 -56 -32 -18 -14 -36 -31 0 0 -17 2 -34 16 -29 -4 -45 24 -35 42 -18 35 -32 45 -22 23 -20 45 -30 43 -21 50 -34 45 -30 55 -18 60 -24 68 -36 70 -29 70 -31 65 -33 61 -24 53 -28 53 -21 51 -14 48 -19 46 -5 37 -7 37 0 0 0 0 0 0 0 0 0 0 ]
CSI_DATA,STA,C8:F0:9E:F2:A4:F5,-78,11,1,2,1,1,1,0,0,0,0,-93,0,6,1,12701351,0,110,0,0,12.9124,384,[110 96 6 0 0 0 0 0 0 0 0 0 2 6 0 9 -1 9 0 10 -1 11 -2 11 -4 11 -6 12 -7 12 -7 12 -8 10 -7 13 -11 11 -7 10 -10 8 -9 14 -6 10 -9 10 -8 14 -5 6 -7 10 -10 5 -9 10 -4 9 -8 2 -7 8 0 0 1 7 2 6 2 2 7 7 -1 11 5 5 6 9 4 2 5 7 6 12 10 9 6 8 10 7 10 9 7 11 12 8 11 10 10 8 10 8 11 7 7 7 9 6 8 7 7 5 6 4 7 2 0 0 0 0 0 0 0 0 0 0 ]
CSI_DATA,STA,C8:F0:9E:F2:A4:F5,-77,11,0,0,0,0,0,0,0,0,0,-93,0,6,1,12725366,0,110,0,0,12.9365,128,[110 96 6 0 0 0 0 0 0 0 0 0 -10 -23 -5 -35 -7 -62 -22 -71 -12 -56 -10 -63 -10 -79 -1 -78 5 -94 9 -82 11 -88 29 -79 19 -77 18 -77 19 -82 27 -94 30 -81 24 -69 10 -71 27 -65 16 -68 22 -49 23 -49 12 -52 21 -65 -3 -38 0 0 -37 -43 -45 -26 -38 -24 -41 -37 -27 -16 -49 -29 -54 -25 -49 -16 -62 -21 -65 -14 -78 -5 -75 -19 -84 -12 -73 -30 -90 -38 -104 -28 -88 -31 -79 -24 -75 -31 -79 -25 -72 -24 -68 -15 -65 -21 -67 -24 -51 -8 -51 -8 0 0 0 0 0 0 0 0 0 0 ]
CSI_DATA,STA,C8:F0:9E:F2:A4:F5,-75,11,0,0,0,0,0,0,0,0,0,-93,0,6,1,13016313,0,110,0,0,13.2278,128,[110 96 6 0 0 0 0 0 0 0 0 0 -8 14 -13 16 -15 18 -23 18 -26 17 -27 16 -31 18 -30 11 -34 13 -36 8 -40 6 -41 5 -34 7 -31 8 -30 7 -31 4 -36 4 -29 7 -32 5 -31 5 -23 2 -21 1 -11 3 -16 7 -19 19 -7 2 0 0 -12 5 -10 2 -3 16 -6 14 2 15 4 21 7 20 11 19 10 20 9 21 11 23 18 25 20 27 22 24 20 25 23 30 19 30 20 31 18 30 16 26 18 25 16 21 15 17 17 18 14 16 11 9 0 0 0 0 0 0 0 0 0 0 ]
CSI_DATA,STA,C8:F0:9E:F2:A4:F5,-75,11,0,0,0,0,0,0,0,0,0,-93,0,6,1,13095015,0,110,0,0,13.3063,128,[110 96 6 0 0 0 0 0 0 0 0 0 -9 1 -10 0 -11 -3 -15 -2 -14 -5 -15 -7 -15 -9 -14 -11 -15 -13 -14 -13 -15 -14 -14 -14 -12 -13 -12 -14 -11 -12 -12 -14 -13 -12 -12 -9 -11 -15 -10 -12 -10 -14 -5 -6 -7 -7 -13 -3 -12 0 -6 -6 0 0 -9 0 -12 4 -11 6 -9 6 -8 2 -2 9 -5 9 -2 15 -6 14 -5 14 -11 17 -6 16 -3 16 -7 17 -8 18 -11 20 -7 19 -8 19 -7 19 -7 16 -5 16 -5 15 -4 11 -2 13 -1 11 1 10 0 0 0 0 0 0 0 0 0 0 ]
CSI_DATA,STA,C8:F0:9E:F2:A4:F5,-77,11,0,0,0,0,0,0,0,0,0,-93,0,6,1,13394942,0,110,0,0,13.6064,128,[110 96 6 0 0 0 0 0 0 0 0 0 -18 -10 -21 -18 -29 -21 -28 -36 -25 -40 -26 -42 -24 -60 -23 -56 -21 -63 -18 -61 -24 -66 -17 -66 -13 -62 -16 -68 -12 -59 0 -66 -11 -61 -14 -60 8 -61 -6 -66 -7 -46 -21 -37 -3 -32 2 -44 -17 -43 -23 -24 0 0 -15 -16 -22 6 -12 6 -26 11 -30 -10 -17 10 -18 21 0 29 -21 29 -10 41 -34 37 -28 43 -21 47 -27 45 -28 55 -33 59 -33 55 -32 58 -34 53 -32 45 -34 50 -21 42 -27 44 -17 37 -5 31 -9 25 0 0 0 0 0 0 0 0 0 0 ]
CSI_DATA,STA,C8:F0:9E:F2:A4:F5,-75,11,0,0,0,0,0,0,0,0,0,-93,0,6,1,13415401,0,110,0,0,13.6267,128,[110 96 6 0 0 0 0 0 0 0 0 0 6 14 7 16 0 24 -2 25 -2 24 -3 28 -11 38 -9 33 -12 38 -19 45 -23 41 -25 42 -21 38 -24 24 -21 49 -10 42 -6 61 3 59 -16 39 -15 41 -27 9 -9 28 -4 40 -5 49 -12 27 -2 15 0 0 8 22 12 11 3 36 4 -7 12 -7 27 -29 33 -20 15 -15 13 -32 24 -50 26 -30 24 -33 20 -38 29 -36 22 -43 12 -53 14 -33 25 -37 18 -34 16 -36 12 -35 6 -34 4 -23 6 -28 4 -24 -6 -11 0 0 0 0 0 0 0 0 0 0 ]
CSI_DATA,STA,C8:F0:9E:F2:A4:F5,-75,11,0,0,0,0,0,0,0,0,0,-93,0,6,1,13485838,0,110,0,0,13.6971,128,[110 96 6 0 0 0 0 0 0 0 0 0 -2 -6 -10 -15 -11 -19 -8 -16 -12 -26 -16 -28 -1 -19 -9 -23 -9 -33 -5 -32 -4 -31 -4 -34 -3 -32 -5 -33 1 -32 -6 -36 -4 -28 0 -29 3 -28 -8 -27 3 -25 -2 -18 -1 -23 -2 -20 -2 -13 -6 -14 0 0 -8 -9 -4 -9 -5 -10 -10 0 -7 -6 -7 1 -10 4 -10 12 -7 11 -14 10 -13 13 -11 20 -17 17 -10 12 -14 18 -14 23 -20 25 -16 18 -12 18 -11 22 -7 20 -9 12 -7 15 -9 11 -5 14 -3 12 0 0 0 0 0 0 0 0 0 0 ]
CSI_DATA,STA,C8:F0:9E:F2:A4:F5,-76,11,0,0,0,0,0,0,0,0,0,-93,0,6,1,13507433,0,110,0,0,13.7186,128,[110 96 6 0 0 0 0 0 0 0 0 0 14 5 17 14 20 18 22 21 26 22 24 27 27 36 24 37 27 39 22 42 23 45 24 52 16 51 22 47 19 42 12 40 20 46 15 42 32 42 17 38 10 37 16 19 11 22 12 19 10 19 11 19 0 0 17 8 4 -4 7 0 17 -2 -3 -1 17 -7 12 -12 17 -2 17 -14 13 -20 19 -20 12 -28 16 -32 16 -36 17 -37 19 -40 15 -36 16 -39 18 -37 12 -35 12 -31 12 -32 9 -28 8 -25 3 -23 3 -20 0 0 0 0 0 0 0 0 0 0 ]
CSI_DATA,STA,C8:F0:9E:F2:A4:F5,-76,11,0,0,0,0,0,0,0,0,0,-93,0,6,1,13540175,0,110,0,0,13.7515,128,[110 96 6 0 0 0 0 0 0 0 0 0 -16 20 -12 26 -24 40 -31 41 -37 39 -49 44 -50 46 -56 45 -68 50 -75 48 -72 52 -75 40 -70 49 -76 50 -73 41 -68 41 -79 36 -51 28 -69 26 -75 43 -48 21 -45 36 -32 19 -40 33 -54 41 -18 11 0 0 -2 12 -7 11 -7 36 17 11 21 14 20 27 35 16 22 23 41 6 43 8 49 1 55 7 57 5 47 14 68 17 61 1 96 16 56 20 60 12 66 7 59 7 54 8 50 0 47 1 39 -8 33 -2 0 0 0 0 0 0 0 0 0 0 ]
CSI_DATA,STA,C8:F0:9E:F2:A4:F5,-75,11,0,0,0,0,0,0,0,0,0,-93,0,6,1,13632715,0,110,0,0,13.8441,128,[110 96 6 0 0 0 0 0 0 0 0 0 -3 13 1 18 -4 30 -16 41 -13 44 -17 47 -20 44 -28 44 -36 54 -36 47 -40 47 -43 42 -55 48 -44 47 -35 38 -42 43 -49 35 -44 35 -42 35 -37 29 -40 22 -40 46 -32 28 -37 25 -43 28 -9 1 0 0 -24 19 -20 32 6 29 21 26 5 15 11 21 18 18 29 20 27 20 36 22 39 29 35 19 33 20 37 29 49 35 48 29 48 37 43 38 40 32 40 31 33 34 33 28 28 30 33 24 27 19 23 9 0 0 0 0 0 0 0 0 0 0 ]
CSI_DATA,STA,C8:F0:9E:F2:A4:F5,-73,11,0,0,0,0,0,0,0,0,0,-93,0,6,1,13652576,0,110,0,0,13.8638,128,[110 96 6 0 0 0 0 0 0 0 0 0 -8 0 -11 -1 -19 -1 -18 -4 -18 -6 -21 -8 -20 -9 -23 -12 -24 -13 -24 -14 -23 -15 -25 -18 -22 -23 -20 -17 -19 -19 -16 -15 -19 -16 -20 -18 -15 -17 -18 -15 -13 -12 -8 -18 -8 -12 -13 -13 -6 -18 -20 -6 0 0 -17 -6 -8 -12 -7 -1 -9 2 -10 2 -15 6 -1 13 -10 11 -5 4 -23 1 -7 18 -12 18 -12 20 -9 18 -10 17 -13 22 -11 21 -14 20 -14 22 -11 19 -12 21 -12 17 -11 17 -9 15 -6 12 -7 12 0 0 0 0 0 0 0 0 0 0 ]
CSI_DATA,STA,C8:F0:9E:F2:A4:F5,-74,11,0,0,0,0,0,0,0,0,0,-93,0,6,1,13688213,0,110,0,0,13.8994,128,[110 96 6 0 0 0 0 0 0 0 0 0 1 9 0 13 0 16 -3 20 -5 24 -9 24 -11 27 -12 28 -12 28 -13 26 -13 31 -15 29 -17 23 -18 22 -22 26 -13 24 -18 26 -16 24 -17 26 -15 19 -14 19 -11 14 -12 16 -11 12 -5 14 -5 14 0 0 0 13 2 9 4 8 8 7 9 5 12 6 15 1 17 3 19 7 18 -5 27 -1 21 -4 24 -3 26 -4 34 -1 20 -10 24 -11 27 -4 31 2 27 -1 27 -1 24 -1 22 -3 19 -5 16 -4 16 -4 0 0 0 0 0 0 0 0 0 0 ]
CSI_DATA,STA,C8:F0:9E:F2:A4:F5,-74,11,0,0,0,0,0,0,0,0,0,-93,0,6,1,13699767,0,110,0,0,13.9109,128,[110 96 6 0 0 0 0 0 0 0 0 0 12 -5 14 -4 13 -1 18 -1 8 -1 28 2 22 4 23 4 24 3 22 8 24 7 22 10 21 7 24 9 19 9 23 8 21 5 19 4 21 6 21 6 16 7 15 7 12 4 14 2 10 -1 13 -2 0 0 9 -6 5 -9 5 -5 3 -9 0 -8 -2 -12 3 -13 -6 -14 -2 -16 -7 -16 -9 -16 -7 -22 -12 -20 -13 -20 -15 -24 -12 -25 -9 -28 -11 -22 -11 -28 -14 -25 -10 -23 -10 -21 -12 -19 -14 -17 -15 -9 3 -12 0 0 0 0 0 0 0 0 0 0 ]
CSI_DATA,STA,C8:F0:9E:F2:A4:F5,-73,11,0,0,0,0,0,0,0,0,0,-93,0,6,1,13715971,0,110,0,0,13.9272,128,[110 96 6 0 0 0 0 0 0 0 0 0 -21 -9 -28 -19 -35 -26 -35 -35 -28 -34 -29 -44 -33 -46 -36 -52 -29 -56 -39 -48 -90 -48 -16 -81 -30 -73 -32 -61 -23 -52 -20 -65 -15 -59 -14 -51 -17 -41 -22 -41 -17 -34 -13 -49 -20 -38 -34 -43 -33 -30 -16 -19 0 0 -22 -4 -16 7 -19 14 -25 16 -19 7 -31 10 -34 22 -33 23 -34 36 -37 44 -32 51 -25 45 -25 57 -23 53 -29 51 -37 52 -30 58 -30 58 -27 58 -25 54 -25 50 -23 50 -20 50 -23 46 -10 42 -11 40 0 0 0 0 0 0 0 0 0 0 ]
CSI_DATA,STA,C8:F0:9E:F2:A4:F5,-78,11,1,2,1,1,1,0,0,0,0,-93,0,6,1,13730381,0,110,0,0,13.9414,384,[110 96 6 0 0 0 0 0 0 0 0 0 -4 13 -5 13 -7 16 -8 18 -11 17 -11 17 -14 18 -16 18 -17 18 -21 16 -20 16 -14 16 -20 14 -19 11 -22 9 -20 15 -17 10 -15 8 -17 13 -18 14 -14 12 -9 8 -5 14 -11 15 -18 4 -6 17 0 0 -2 19 -4 14 0 6 0 16 6 11 3 6 9 11 7 11 12 12 5 7 13 9 11 20 16 14 12 16 13 20 17 16 17 18 17 17 19 18 15 17 15 16 15 16 12 15 14 13 12 11 13 8 0 0 0 0 0 0 0 0 0 0 ]
CSI_DATA,STA,C8:F0:9E:F2:A4:F5,-74,11,0,0,0,0,0,0,0,0,0,-93,0,6,1,13992189,0,110,0,0,14.2037,128,[110 96 6 0 0 0 0 0 0 0 0 0 15 -4 18 -3 20 -2 24 -1 21 1 25 3 27 5 26 7 27 7 27 8 29 9 27 9 27 10 25 11 24 10 23 10 24 10 20 9 20 10 18 9 17 8 14 9 14 6 13 4 13 0 11 3 0 0 8 -3 8 -6 6 -8 4 -10 2 -9 2 -12 1 -13 -1 -14 -1 -17 0 -16 -2 -22 -3 -20 -4 -23 -3 -23 -3 -26 -6 -25 -4 -25 -4 -25 -3 -25 -4 -23 -3 -21 -5 -20 -6 -19 -8 -17 -7 -14 -7 -13 0 0 0 0 0 0 0 0 0 0 ]
CSI_DATA,STA,C8:F0:9E:F2:A4:F5,-74,11,0,0,0,0,0,0,0,0,0,-93,0,6,1,14007213,0,110,0,0,14.2184,128,[110 96 6 0 0 0 0 0 0 0 0 0 -28 -20 -34 -27 -34 -31 -38 -41 -32 -43 -34 -47 -35 -58 -27 -58 -26 -61 -22 -63 -29 -67 -27 -62 -19 -60 -20 -60 -22 -58 -23 -60 -19 -61 -11 -44 -21 -48 -18 -47 -7 -50 -17 -42 -8 -33 -16 -36 -10 -24 -16 -19 0 0 -19 -6 -14 -1 -17 -1 -27 8 -22 12 -23 13 -29 24 -27 24 -30 25 -33 22 -27 32 -26 36 -28 39 -28 47 -29 39 -36 52 -34 45 -32 45 -32 44 -31 44 -33 44 -28 41 -22 38 -15 33 -14 35 -8 29 0 0 0 0 0 0 0 0 0 0 ]
CSI_DATA,STA,C8:F0:9E:F2:A4:F5,-72,11,0,0,0,0,0,0,0,0,0,-93,0,6,1,14106527,0,110,0,0,14.3178,128,[110 96 6 0 0 0 0 0 0 0 0 0 -8 -17 -9 -19 -6 -16 -9 -20 -9 -22 -12 -25 -3 -22 -4 -26 -10 -29 -5 -23 -9 -29 0 -27 -4 -21 0 -32 -2 -26 -7 -23 3 -29 -3 -19 6 -22 -3 -22 -2 -25 2 -20 1 -16 -2 -16 -5 -14 -4 -13 0 0 -10 -7 -5 -9 -10 -8 -8 -1 -8 -3 -13 0 -11 0 -12 4 -10 4 -8 4 -14 2 -14 3 -14 11 -15 7 -16 6 -19 8 -17 8 -16 10 -14 7 -15 10 -14 11 -17 8 -13 8 -13 11 -11 8 -7 6 0 0 0 0 0 0 0 0 0 0 ]
CSI_DATA,STA,C8:F0:9E:F2:A4:F5,-78,11,1,2,1,1,1,0,0,0,0,-93,0,6,1,14117237,0,110,0,0,14.3281,384,[110 96 6 0 0 0 0 0 0 0 0 0 -21 6 -22 7 -26 0 -33 13 -32 0 -35 4 -34 3 -33 2 -32 2 -35 2 -34 -2 -34 -5 -33 -2 -32 0 -33 -4 -30 -3 -30 3 -31 -7 -27 -2 -33 -5 -22 -1 -21 0 -25 -6 -16 5 -21 1 -12 5 0 0 -16 8 -10 5 -6 9 6 2 0 12 5 6 -3 19 2 14 8 2 8 17 9 17 8 23 9 17 14 16 12 15 18 20 15 21 15 19 13 21 10 16 13 15 12 14 15 11 13 12 12 8 12 7 0 0 0 0 0 0 0 0 0 0 ]
CSI_DATA,STA,C8:F0:9E:F2:A4:F5,-76,11,0,0,0,0,0,0,0,0,0,-93,0,6,1,14136301,0,110,0,0,14.3475,128,[110 96 6 0 0 0 0 0 0 0 0 0 -36 20 -37 30 -56 27 -81 21 -63 27 -68 29 -97 19 -76 21 -107 12 -85 11 -112 17 -99 6 -111 11 -98 5 -87 10 -92 10 -95 -2 -65 8 -83 16 -85 15 -58 -2 -68 3 -59 1 -60 13 -36 29 -38 7 0 0 -22 46 -37 37 12 38 -7 39 3 40 17 21 -2 67 9 43 40 45 22 52 40 43 38 53 41 42 51 66 46 59 44 70 46 55 54 58 41 59 44 55 40 56 42 54 37 39 39 46 37 23 36 25 0 0 0 0 0 0 0 0 0 0 ]
CSI_DATA,STA,C8:F0:9E:F2:A4:F5,-72,11,0,0,0,0,0,0,0,0,0,-93,0,6,1,14155418,0,110,0,0,14.3665,128,[110 96 6 0 0 0 0 0 0 0 0 0 22 0 27 3 28 5 32 5 32 6 34 7 37 12 37 16 37 15 38 13 37 14 32 17 35 19 32 16 35 19 35 18 30 16 29 14 27 15 28 10 25 12 26 11 15 6 18 2 23 9 13 0 0 0 10 -5 13 -10 13 -8 4 -12 1 -11 2 -13 3 -19 8 -21 3 -16 -10 -47 6 -27 -6 -24 -7 -21 -10 -29 -9 -28 -8 -32 -5 -28 -8 -26 -6 -30 -9 -26 -8 -27 -5 -24 -8 -22 -9 -19 -9 -17 -11 -14 0 0 0 0 0 0 0 0 0 0 ]
CSI_DATA,STA,C8:F0:9E:F2:A4:F5,-77,11,1,2,1,1,1,0,0,0,0,-93,0,6,1,14179020,0,110,0,0,14.3899,384,[110 96 6 0 0 0 0 0 0 0 0 0 2 9 1 8 1 12 -1 13 1 15 -1 18 -1 18 -1 18 0 21 1 19 -7 19 -6 20 -5 16 -6 18 -5 14 -4 15 -4 17 -4 15 -5 13 -5 14 -7 14 -7 10 -6 13 -1 10 -4 12 -2 9 0 0 0 8 3 9 3 3 3 2 6 5 6 2 3 2 7 0 11 1 9 1 12 -3 7 -1 11 -1 14 -2 14 -2 12 -1 13 -1 10 2 13 0 13 -2 13 -4 12 -4 8 -2 7 -3 8 -4 8 -1 0 0 0 0 0 0 0 0 0 0 ]
CSI_DATA,STA,C8:F0:9E:F2:A4:F5,-72,11,0,0,0,0,0,0,0,0,0,-93,0,6,1,14223232,0,110,0,0,14.4345,128,[110 96 6 0 0 0 0 0 0 0 0 0 25 -32 31 -33 36 -39 41 -41 41 -39 49 -38 53 -36 57 -34 61 -34 61 -32 65 -36 61 -31 65 -32 59 -30 60 -28 66 -27 59 -22 49 -20 54 -22 53 -9 46 -17 43 -15 31 -24 37 -16 24 -15 20 -20 0 0 19 -26 9 -20 6 -23 -5 -41 -5 -26 -11 -20 -13 -35 -13 -27 -13 -38 -17 -28 -24 -31 -24 -39 -30 -32 -30 -32 -35 -43 -32 -40 -37 -43 -35 -41 -33 -40 -33 -39 -31 -39 -29 -34 -29 -29 -29 -27 -29 -22 -29 -17 0 0 0 0 0 0 0 0 0 0 ]
CSI_DATA,STA,C8:F0:9E:F2:A4:F5,-72,11,0,0,0,0,0,0,0,0,0,-93,0,6,1,14257608,0,110,0,0,14.4689,128,[110 96 6 0 0 0 0 0 0 0 0 0 -13 -5 -19 -7 -18 -11 -20 -9 -19 -11 -20 -13 -17 -15 -17 -16 -18 -19 -17 -17 -17 -19 -19 -19 -17 -23 -15 -21 -21 -18 -14 -15 -16 -18 -14 -17 -11 -17 -9 -16 -9 -17 -10 -12 -9 -11 -14 -13 -11 -9 -6 -8 0 0 -7 -7 -9 -7 -12 -7 -7 0 -8 1 -8 8 -8 6 -6 9 -7 11 -16 -3 -15 -1 -14 11 -12 16 -14 14 -15 11 -19 14 -12 13 -15 13 -16 12 -14 10 -14 11 -13 10 -9 12 -9 9 -9 9 -9 9 0 0 0 0 0 0 0 0 0 0 ]
CSI_DATA,STA,C8:F0:9E:F2:A4:F5,-72,11,0,0,0,0,0,0,0,0,0,-93,0,6,1,14297880,0,110,0,0,14.509,128,[110 96 6 0 0 0 0 0 0 0 0 0 2 18 0 19 0 22 -1 25 -3 27 -5 25 -6 29 -7 27 -11 30 -12 26 -10 26 -12 28 -11 24 -10 24 -8 26 -11 22 -14 29 -5 19 -19 11 -14 19 -9 16 -15 14 -5 19 -7 15 -5 10 0 10 0 0 -2 7 4 8 2 9 2 10 7 7 10 4 11 7 13 4 15 4 16 2 19 4 18 3 20 2 21 4 23 3 23 4 24 4 22 3 22 6 22 4 21 5 20 2 18 4 17 1 17 1 16 0 0 0 0 0 0 0 0 0 0 0 ]
CSI_DATA,STA,C8:F0:9E:F2:A4:F5,-73,11,0,0,0,0,0,0,0,0,0,-93,0,6,1,14306883,0,110,0,0,14.5182,128,[110 96 6 0 0 0 0 0 0 0 0 0 -20 3 -19 -2 -20 -2 -24 3 -27 -4 -28 -1 -27 -5 -21 -7 -26 -6 -31 -7 -21 -5 -27 -4 -29 -1 -18 -2 -25 -11 -21 0 -22 -18 -22 -8 -27 -2 -24 -10 -24 -7 -13 -9 -28 -5 -16 8 -12 3 -14 -8 0 0 -16 0 -9 -2 -8 1 -9 2 -1 4 -6 10 -6 10 -4 4 12 8 10 14 0 23 6 15 8 14 3 14 4 21 7 21 1 19 3 16 3 21 3 20 2 17 5 14 1 15 7 16 6 12 10 10 0 0 0 0 0 0 0 0 0 0 ]
CSI_DATA,STA,C8:F0:9E:F2:A4:F5,-72,11,0,0,0,0,0,0,0,0,0,-93,0,6,1,14350283,0,110,0,0,14.5617,128,[110 96 6 0 0 0 0 0 0 0 0 0 -11 -15 -13 -18 -13 -19 -13 -23 -13 -24 -13 -25 -11 -30 -11 -33 -8 -30 -9 -28 -10 -32 -8 -30 -7 -29 -8 -28 -8 -28 -7 -28 -7 -26 -7 -27 -6 -23 -4 -27 -6 -21 -5 -20 -3 -15 -5 -18 -7 -12 -5 -14 0 0 -11 -9 -10 -6 -11 -4 -10 3 -11 0 -14 2 -11 0 -13 3 -19 7 -15 8 -17 9 -19 12 -18 10 -20 11 -17 12 -21 15 -22 14 -22 13 -22 13 -20 14 -20 11 -20 10 -16 10 -16 11 -13 11 -11 10 0 0 0 0 0 0 0 0 0 0 ]
CSI_DATA,STA,C8:F0:9E:F2:A4:F5,-74,11,0,0,0,0,0,0,0,0,0,-93,0,6,1,14426965,0,110,0,0,14.6383,128,[110 96 6 0 0 0 0 0 0 0 0 0 39 -11 50 -13 52 -9 68 -12 57 -7 77 -5 73 -2 81 -4 78 1 73 -10 81 -1 82 19 82 2 74 -1 78 4 76 0 71 9 60 -3 65 -17 69 4 18 -6 58 5 51 -12 35 -11 36 -14 25 -22 0 0 0 -27 -11 -27 7 -18 -4 -33 -27 -34 -26 -44 -33 -16 -40 -18 -32 -64 8 -26 -50 -1 -39 -21 -39 -38 -46 -35 -62 -40 -59 -40 -58 -28 -57 -44 -53 -32 -70 -22 -50 -32 -51 -20 -50 -16 -52 -20 -48 0 -44 -7 0 0 0 0 0 0 0 0 0 0 ]
CSI_DATA,STA,C8:F0:9E:F2:A4:F5,-74,11,0,0,0,0,0,0,0,0,0,-93,0,6,1,14510070,0,110,0,0,14.7213,128,[110 96 6 0 0 0 0 0 0 0 0 0 43 -3 46 -2 62 4 55 7 61 5 67 13 71 19 68 24 77 23 70 28 83 28 74 27 81 39 73 33 66 22 75 22 63 26 66 18 64 20 61 30 46 25 61 41 53 26 47 9 25 8 46 -5 0 0 19 -26 13 -22 21 -27 29 -23 22 -41 3 -23 10 -51 3 -30 -7 -42 -8 -50 5 -66 11 -43 -6 -62 6 -58 -6 -77 -5 -69 -8 -66 4 -65 -2 -68 1 -68 -1 -55 -5 -54 -5 -53 -14 -50 -6 -50 -8 -40 0 0 0 0 0 0 0 0 0 0 ]
CSI_DATA,STA,C8:F0:9E:F2:A4:F5,-72,11,0,0,0,0,0,0,0,0,0,-93,0,6,1,14559590,0,110,0,0,14.771,128,[110 96 6 0 0 0 0 0 0 0 0 0 -1 -18 3 -19 4 -20 2 -22 4 -23 6 -22 6 -21 8 -24 10 -22 13 -24 13 -25 13 -23 13 -22 14 -24 14 -21 10 -26 8 -19 7 -20 5 -20 8 -15 8 -14 14 -16 6 -14 6 -14 3 -9 3 -12 0 0 -3 -12 -4 -14 -2 -8 -2 -6 1 -5 -6 -8 -11 -3 -17 -1 -1 -11 2 -10 -15 -4 -21 3 -13 -2 -18 -3 -17 -3 -19 -2 -20 2 -18 1 -20 -1 -17 0 -21 0 -18 -1 -17 0 -15 -1 -12 2 -10 1 0 0 0 0 0 0 0 0 0 0 ]
CSI_DATA,STA,C8:F0:9E:F2:A4:F5,-77,11,1,2,1,1,1,0,0,0,0,-93,0,6,1,14570369,0,110,0,0,14.7814,384,[110 96 6 0 0 0 0 0 0 0 0 0 4 6 4 8 6 9 6 11 5 12 6 11 4 13 3 12 4 14 3 14 1 15 1 15 4 15 3 14 2 15 3 14 1 14 2 8 1 14 -4 14 6 10 4 10 1 10 0 8 1 6 3 5 0 0 3 3 7 0 4 1 3 3 3 -4 3 -4 8 -1 6 -4 10 -3 5 -7 7 -9 5 -5 7 -6 9 -8 9 -8 9 -9 9 -10 8 -9 8 -8 10 -9 9 -9 7 -8 7 -7 5 -7 6 -6 4 -7 0 0 0 0 0 0 0 0 0 0 ]
CSI_DATA,STA,C8:F0:9E:F2:A4:F5,-79,11,1,2,1,1,1,0,0,0,0,-93,0,6,1,14604155,0,110,0,0,14.8151,384,[110 96 6 0 0 0 0 0 0 0 0 0 6 -6 8 -5 9 -6 11 -6 10 -6 13 -5 14 -5 15 -4 14 -3 15 -3 16 -3 16 -4 16 -2 13 -1 14 -1 14 -3 15 -2 12 -3 13 -3 12 -1 10 -2 10 0 9 -2 8 -4 7 -3 6 -5 0 0 4 -4 2 -6 2 -6 -1 -5 2 -6 2 -7 -4 -5 -5 -5 -7 -6 -8 -9 -6 -7 -8 -7 -9 -10 -9 -8 -9 -8 -11 -9 -9 -8 -12 -8 -10 -7 -12 -8 -9 -9 -11 -6 -10 -8 -8 -5 -6 -4 -7 -7 0 0 0 0 0 0 0 0 0 0 ]
CSI_DATA,STA,C8:F0:9E:F2:A4:F5,-73,11,0,0,0,0,0,0,0,0,0,-93,0,6,1,14627061,0,110,0,0,14.8382,128,[110 96 6 0 0 0 0 0 0 0 0 0 9 12 12 13 11 14 12 16 13 20 10 21 10 22 10 25 12 23 9 27 8 29 5 29 6 25 5 25 6 26 8 24 1 26 6 18 6 23 3 23 5 15 4 15 6 16 6 13 6 12 2 10 0 0 5 5 4 2 10 1 5 -4 6 1 7 0 10 -10 10 -10 11 -14 10 -10 12 -13 12 -14 13 -16 13 -15 16 -20 9 -18 17 -18 15 -15 16 -18 12 -16 12 -17 11 -13 10 -15 12 -12 12 -18 3 -7 0 0 0 0 0 0 0 0 0 0 ]
CSI_DATA,STA,C8:F0:9E:F2:A4:F5,-73,11,0,0,0,0,0,0,0,0,0,-93,0,6,1,14769352,0,110,0,0,14.9807,128,[110 96 6 0 0 0 0 0 0 0 0 0 13 -7 17 -5 19 -6 22 -6 23 -3 26 -2 25 -1 26 -2 27 1 28 2 29 2 28 3 28 6 25 6 26 2 24 6 24 2 22 0 24 4 21 0 24 1 18 1 14 1 14 3 12 0 14 -3 0 0 11 -4 9 -7 13 -6 3 -9 4 -12 -1 -10 2 -13 0 -16 -1 -15 1 -18 -1 -21 -2 -20 -3 -22 -4 -24 -4 -23 -5 -25 -4 -26 -4 -26 -4 -26 -4 -25 -2 -23 -4 -22 -3 -20 -4 -20 -5 -18 -5 -17 0 0 0 0 0 0 0 0 0 0 ]
CSI_DATA,STA,C8:F0:9E:F2:A4:F5,-74,11,0,0,0,0,0,0,0,0,0,-93,0,6,1,14793251,0,110,0,0,15.0044,128,[110 96 6 0 0 0 0 0 0 0 0 0 -15 -11 -17 -11 -18 -13 -19 -16 -19 -20 -18 -18 -19 -23 -17 -23 -17 -24 -18 -26 -16 -29 -16 -29 -13 -27 -11 -27 -13 -27 -13 -25 -11 -27 -12 -25 -14 -24 -9 -21 -7 -21 -8 -16 -6 -16 -6 -14 -8 -12 -8 -8 0 0 -9 -7 -6 -3 -11 -3 -7 1 -11 3 -7 5 -10 5 -9 12 -10 15 -17 12 -11 16 -15 19 -13 17 -11 18 -15 22 -13 23 -11 24 -13 19 -12 18 -12 22 -10 20 -10 15 -9 17 -8 17 -6 15 -4 12 0 0 0 0 0 0 0 0 0 0 ]
CSI_DATA,STA,C8:F0:9E:F2:A4:F5,-73,11,0,0,0,0,0,0,0,0,0,-93,0,6,1,14812851,0,110,0,0,15.0239,128,[110 96 6 0 0 0 0 0 0 0 0 0 0 17 -2 25 -3 19 2 18 -4 20 1 18 -5 24 -2 18 -9 19 -7 25 -9 31 -17 22 -4 22 -8 27 -12 24 -9 20 -10 25 -3 20 -3 28 -6 19 -6 14 -3 18 -3 13 -1 7 -2 11 0 15 0 0 4 12 3 -3 7 6 6 -2 7 11 2 -6 7 -7 16 -2 6 -5 14 -18 22 -15 6 -16 11 -20 20 -23 10 -11 13 -12 4 -14 15 -20 20 -21 7 -19 3 -16 13 -15 16 -18 12 -17 -1 -22 3 -13 0 0 0 0 0 0 0 0 0 0 ]
CSI_DATA,STA,C8:F0:9E:F2:A4:F5,-73,11,0,0,0,0,0,0,0,0,0,-93,0,6,1,14825905,0,110,0,0,15.037,128,[110 96 6 0 0 0 0 0 0 0 0 0 -12 7 -13 6 -17 7 -18 5 -20 8 -23 5 -23 5 -24 4 -25 3 -24 2 -28 -1 -26 -2 -26 0 -23 -1 -22 -1 -25 2 -21 -1 -21 -2 -20 -3 -17 0 -18 -1 -17 0 -13 1 -10 1 -10 0 -8 2 0 0 -6 4 -5 6 -3 7 -2 8 -1 8 -1 9 3 12 6 11 3 12 4 13 6 17 6 16 8 17 8 17 8 16 11 17 9 20 10 20 9 18 9 20 9 15 10 17 8 14 10 11 8 11 7 11 0 0 0 0 0 0 0 0 0 0 ]
CSI_DATA,STA,C8:F0:9E:F2:A4:F5,-74,11,0,0,0,0,0,0,0,0,0,-93,0,6,1,14940933,0,110,0,0,15.1524,128,[110 96 6 0 0 0 0 0 0 0 0 0 0 -35 0 -39 8 -51 13 -59 15 -53 17 -60 22 -66 25 -61 33 -71 36 -63 32 -72 35 -72 31 -48 34 -56 45 -71 37 -56 36 -59 26 -59 30 -45 30 -44 27 -54 35 -44 25 -43 21 -36 19 -32 14 -33 0 0 -9 -28 -10 -18 -13 -10 -19 -18 -22 0 -26 -1 -32 -1 -21 -3 -33 2 -39 15 -48 15 -35 23 -39 20 -45 16 -51 28 -58 26 -53 27 -56 31 -54 26 -51 26 -51 25 -46 28 -43 25 -39 26 -31 24 -33 27 0 0 0 0 0 0 0 0 0 0 ]
CSI_DATA,STA,C8:F0:9E:F2:A4:F5,-78,11,1,2,1,1,1,0,0,0,0,-93,0,6,1,15126100,0,110,0,0,15.3374,384,[110 96 6 0 0 0 0 0 0 0 0 0 1 -7 2 -8 4 -5 5 -7 6 -7 5 -6 7 -8 7 -6 7 -6 8 -5 8 -7 8 -7 9 -7 7 -6 7 -6 7 -4 8 -5 6 -4 6 -4 6 -5 5 -4 4 -4 4 -3 3 -4 3 -4 1 -4 0 0 -1 -4 0 -3 -2 -4 -3 -4 -2 -4 -4 -4 -3 -3 -6 -4 -4 -3 -6 -3 -7 -4 -7 -4 -6 -4 -8 -3 -10 -5 -7 -4 -7 -4 -9 -4 -9 -3 -8 -2 -8 -2 -7 -2 -7 -1 -5 -2 -7 -1 -7 -2 0 0 0 0 0 0 0 0 0 0 ]
CSI_DATA,STA,C8:F0:9E:F2:A4:F5,-71,11,0,0,0,0,0,0,0,0,0,-93,0,6,1,15259020,0,110,0,0,15.4703,128,[110 96 6 0 0 0 0 0 0 0 0 0 -10 15 -14 16 -15 17 -17 19 -18 15 -22 17 -22 17 -22 15 -25 12 -24 13 -25 14 -24 12 -23 11 -22 10 -22 9 -22 13 -23 9 -20 7 -21 7 -14 8 -18 9 -12 8 -13 9 -10 10 -9 11 -6 9 0 0 -2 10 1 13 3 10 5 11 3 13 5 11 9 14 10 14 12 15 12 13 14 17 13 14 18 17 16 21 19 18 18 18 16 16 15 16 15 15 16 17 15 16 14 12 14 12 16 12 14 9 12 8 0 0 0 0 0 0 0 0 0 0 ]
CSI_DATA,STA,C8:F0:9E:F2:A4:F5,-77,11,0,0,0,0,0,0,0,0,0,-93,0,6,1,15368008,0,110,0,0,15.5792,128,[110 96 6 0 0 0 0 0 0 0 0 0 8 14 4 16 1 17 2 19 -4 20 -5 23 -6 24 -8 24 -9 24 -10 24 -8 26 -10 26 -5 26 -8 21 -11 20 -8 28 -9 23 -7 24 -9 19 -7 21 -6 22 -11 19 -7 18 -7 18 -1 14 -7 8 0 0 -2 0 1 2 2 11 1 2 -3 0 -1 -4 1 -8 2 -9 0 -16 -2 -12 1 -21 -2 -21 -4 -23 -7 -23 -6 -24 -4 -25 -6 -24 -7 -26 -6 -25 -8 -24 -6 -23 -7 -20 -10 -21 -9 -18 -8 -14 -9 -13 0 0 0 0 0 0 0 0 0 0 ]
CSI_DATA,STA,C8:F0:9E:F2:A4:F5,-76,11,0,0,0,0,0,0,0,0,0,-93,0,6,1,15386457,0,110,0,0,15.5976,128,[110 96 6 0 0 0 0 0 0 0 0 0 32 -1 32 0 34 5 35 11 38 14 30 12 35 15 32 14 33 17 32 21 34 21 35 16 27 17 26 18 28 14 33 15 27 13 30 20 21 10 27 17 21 12 22 11 20 -5 11 0 0 12 8 -2 0 0 7 -5 -15 -6 1 -2 -14 -4 -2 -11 -6 4 -15 -17 -24 5 -30 -21 -43 -25 -33 -15 -22 -16 -29 -1 -25 0 -36 1 -30 5 -34 1 -33 -1 -34 3 -34 2 -28 3 -28 3 -27 9 -25 2 -12 9 -25 4 0 0 0 0 0 0 0 0 0 0 ]
CSI_DATA,STA,C8:F0:9E:F2:A4:F5,-75,11,0,0,0,0,0,0,0,0,0,-93,0,6,1,15452125,0,110,0,0,15.6633,128,[110 96 6 0 0 0 0 0 0 0 0 0 26 40 21 49 23 53 25 73 20 65 12 74 17 83 2 73 -7 74 -5 75 3 83 -5 73 0 76 -3 66 -3 70 -4 69 7 61 2 58 4 52 0 53 -6 52 6 41 7 31 14 9 24 15 20 14 0 0 20 -14 25 1 10 -18 27 -30 27 -20 40 -39 45 -35 30 -31 20 -47 19 -45 37 -58 36 -60 26 -55 26 -54 43 -62 41 -65 32 -63 32 -61 33 -53 26 -56 23 -55 22 -52 15 -47 9 -46 -8 -18 -1 -54 0 0 0 0 0 0 0 0 0 0 ]
CSI_DATA,STA,C8:F0:9E:F2:A4:F5,-73,11,0,0,0,0,0,0,0,0,0,-93,0,6,1,15854094,0,110,0,0,16.0656,128,[110 96 6 0 0 0 0 0 0 0 0 0 -6 11 -8 14 -9 16 -12 17 -14 17 -17 17 -18 19 -21 17 -21 17 -20 15 -23 14 -24 16 -23 14 -23 12 -21 14 -22 12 -19 10 -19 10 -17 9 -18 4 -17 7 -11 7 -9 1 -10 3 -3 8 -3 8 0 0 4 5 3 2 8 7 4 4 8 6 12 1 9 3 14 3 17 5 16 5 19 4 17 2 23 5 22 2 26 4 25 4 24 1 25 2 26 2 25 1 23 0 23 -1 21 -2 22 -2 19 -4 18 -4 0 0 0 0 0 0 0 0 0 0 ]
CSI_DATA,STA,C8:F0:9E:F2:A4:F5,-74,11,0,0,0,0,0,0,0,0,0,-93,0,6,1,15899941,0,110,0,0,16.1112,128,[110 96 6 0 0 0 0 0 0 0 0 0 -13 11 -16 10 -19 12 -23 12 -24 11 -26 8 -28 7 -29 7 -30 6 -29 4 -33 2 -30 5 -29 3 -28 5 -24 1 -28 4 -25 3 -22 -1 -22 2 -21 2 -17 -2 -17 -1 -11 3 -9 -5 -9 0 -7 -1 0 0 1 1 5 0 6 -6 11 -3 15 3 15 -5 18 1 22 -3 21 -5 23 -8 26 -6 23 -6 28 -1 29 -5 32 -9 32 -4 30 -7 30 -8 30 -8 28 -9 26 -10 24 -11 23 -12 22 -12 19 -13 17 -13 0 0 0 0 0 0 0 0 0 0 ]
CSI_DATA,STA,C8:F0:9E:F2:A4:F5,-79,11,1,2,1,1,1,0,0,0,0,-93,0,6,1,15946151,0,110,0,0,16.1572,384,[110 96 6 0 0 0 0 0 0 0 0 0 -8 -6 -7 -5 -9 -9 -9 -9 -9 -11 -7 -12 -8 -12 -8 -14 -7 -15 -7 -13 -4 -14 -4 -13 -4 -16 -5 -12 -5 -14 -6 -14 -7 -11 -3 -12 -5 -11 -3 -11 -5 -11 -4 -10 -3 -5 -2 -8 -3 -4 -2 -2 0 0 -3 -2 -1 2 -2 3 -1 2 0 3 1 5 1 7 1 5 2 5 4 8 3 10 2 10 4 11 3 12 4 8 6 9 5 10 6 12 7 9 5 9 5 10 5 8 5 7 5 5 7 4 7 5 0 0 0 0 0 0 0 0 0 0 ]
CSI_DATA,STA,C8:F0:9E:F2:A4:F5,-72,11,0,0,0,0,0,0,0,0,0,-93,0,6,1,16279934,0,110,0,0,16.4913,128,[110 96 6 0 0 0 0 0 0 0 0 0 9 -21 12 -16 17 -12 20 -13 16 -7 20 -9 20 -10 24 -7 21 -6 23 -8 25 -9 22 -8 23 -4 19 -2 24 -9 28 -10 25 -8 16 -5 21 -1 14 -8 16 -10 16 -5 14 -6 9 -6 8 -4 6 -7 0 0 0 -7 -1 -7 -1 -7 -6 -6 -6 -8 -8 -4 -10 -2 -11 -4 -9 -3 -14 -3 -16 -2 -13 -3 -19 -2 -19 -1 -18 -1 -21 0 -23 3 -18 2 -18 -1 -16 -7 -19 0 -16 4 -15 4 -15 4 -12 5 -11 7 0 0 0 0 0 0 0 0 0 0 ]
CSI_DATA,STA,C8:F0:9E:F2:A4:F5,-72,11,0,0,0,0,0,0,0,0,0,-93,0,6,1,17543627,0,110,0,0,17.7551,128,[110 96 6 0 0 0 0 0 0 0 0 0 -5 11 -6 11 -8 13 -8 16 -10 14 -10 15 -13 14 -10 14 -13 13 -13 13 -15 9 -15 10 -17 8 -13 12 -9 10 -6 11 -12 11 -7 10 -17 7 -7 5 -13 7 -11 10 -3 4 -7 12 -5 8 -3 5 0 0 3 3 8 -2 8 6 9 2 5 -6 13 0 4 -1 5 -3 10 -4 12 -1 11 -9 12 -4 10 -2 10 -4 17 -5 18 -3 16 -5 16 -5 15 -5 13 -6 13 -7 12 -7 12 -8 11 -7 10 -9 8 -10 0 0 0 0 0 0 0 0 0 0 ]
CSI_DATA,STA,C8:F0:9E:F2:A4:F5,-71,11,0,0,0,0,0,0,0,0,0,-95,0,6,1,17694294,0,110,0,0,17.9057,128,[110 96 6 0 0 0 0 0 0 0 0 0 19 -3 22 0 26 1 25 1 27 2 34 7 23 -4 37 2 23 15 29 15 22 20 33 20 18 18 27 21 23 11 18 22 17 14 31 13 19 7 16 9 17 6 13 14 13 6 6 9 13 1 6 -3 0 0 6 -1 8 -14 9 -12 1 -11 0 -10 1 -9 2 -11 1 -12 -1 -12 2 -14 -6 -14 -1 -14 -6 -21 -10 -19 -5 -19 -7 -23 -8 -23 -12 -18 -10 -21 -8 -18 -9 -22 -9 -13 -13 -16 -5 -12 -13 -7 -29 -18 0 0 0 0 0 0 0 0 0 0 ]
CSI_DATA,STA,C8:F0:9E:F2:A4:F5,-69,11,0,0,0,0,0,0,0,0,0,-95,0,6,1,18298695,0,110,0,0,18.5102,128,[110 96 6 0 0 0 0 0 0 0 0 0 18 6 20 7 21 9 22 10 22 14 23 15 22 14 24 16 23 15 21 20 23 19 21 19 12 24 20 17 17 18 21 22 22 16 12 18 9 19 17 10 15 18 14 7 7 9 10 8 7 6 11 6 0 0 10 -2 10 -2 9 -1 11 -4 9 -6 8 -7 9 -8 11 -9 9 -11 8 -11 11 -14 10 -15 10 -15 10 -16 10 -18 10 -17 10 -20 11 -18 8 -17 8 -18 8 -17 7 -16 7 -15 5 -16 4 -13 2 -13 0 0 0 0 0 0 0 0 0 0 ]
CSI_DATA,STA,C8:F0:9E:F2:A4:F5,-73,11,0,0,0,0,0,0,0,0,0,-95,0,6,1,18437936,0,110,0,0,18.6492,128,[110 96 6 0 0 0 0 0 0 0 0 0 6 -12 10 -14 12 -13 14 -14 13 -13 19 -13 19 -12 19 -13 21 -12 19 -12 20 -15 21 -13 19 -14 16 -13 19 -13 20 -10 21 -14 16 -13 17 -10 15 -8 15 -6 8 -6 8 -7 4 -9 2 -7 1 -5 0 0 -4 -3 -4 -5 -3 -8 -6 -3 -6 -1 -15 7 -15 6 -10 -1 -4 7 -7 17 -17 9 -17 8 -17 10 -22 9 -21 9 -21 11 -21 13 -21 14 -21 11 -19 13 -18 12 -16 12 -13 12 -12 14 -10 14 -8 14 0 0 0 0 0 0 0 0 0 0 ]
CSI_DATA,STA,C8:F0:9E:F2:A4:F5,-71,11,0,0,0,0,0,0,0,0,0,-95,0,6,1,18529781,0,110,0,0,18.7412,128,[110 96 6 0 0 0 0 0 0 0 0 0 20 -9 22 -7 23 -7 25 -5 26 -4 27 -1 25 2 26 2 27 6 25 5 26 6 30 5 24 5 24 7 20 5 20 7 21 6 20 5 16 7 15 1 9 2 8 3 7 3 7 5 5 -5 6 -6 0 0 1 -9 -5 -11 1 -9 -7 -13 -4 -16 -11 -19 -12 -15 -7 -16 -13 -19 -11 -12 -15 -20 -15 -21 -17 -16 -17 -23 -14 -20 -16 -27 -16 -23 -17 -22 -17 -18 -16 -20 -16 -18 -16 -16 -15 -12 -16 -13 -16 -10 -16 -7 0 0 0 0 0 0 0 0 0 0 ]
CSI_DATA,STA,C8:F0:9E:F2:A4:F5,-75,11,0,0,0,0,0,0,0,0,0,-95,0,6,1,18624252,0,110,0,0,18.8354,128,[110 96 6 0 0 0 0 0 0 0 0 0 -34 54 -37 49 -44 61 -67 62 -55 54 -62 56 -77 64 -74 52 -78 43 -75 35 -81 39 -89 35 -92 30 -76 39 -70 43 -74 37 -76 25 -60 25 -55 30 -51 28 -49 21 -58 20 -48 26 -25 34 -5 38 -28 10 0 0 26 10 11 -5 27 13 57 15 36 23 54 12 53 11 51 6 69 14 52 2 63 25 73 15 73 16 97 21 89 1 93 10 90 3 76 8 75 3 79 -1 60 -4 61 -4 64 3 65 -3 52 -20 49 -1 0 0 0 0 0 0 0 0 0 0 ]
CSI_DATA,STA,C8:F0:9E:F2:A4:F5,-71,11,0,0,0,0,0,0,0,0,0,-95,0,6,1,18971530,0,110,0,0,19.183,128,[110 96 6 0 0 0 0 0 0 0 0 0 19 15 19 19 18 18 21 30 17 26 13 27 13 29 10 27 10 28 9 26 7 30 6 29 5 28 6 24 4 26 5 25 1 23 6 24 2 20 3 20 11 18 4 12 9 12 12 8 4 7 10 6 0 0 14 3 12 -2 8 6 16 -5 13 -4 14 1 19 -8 18 -9 17 -11 17 -5 18 -10 20 -12 16 -15 22 -14 20 -15 20 -12 19 -14 20 -14 22 -12 17 -12 16 -10 15 -11 11 -11 10 -11 7 -10 4 -11 0 0 0 0 0 0 0 0 0 0 ]
CSI_DATA,STA,C8:F0:9E:F2:A4:F5,-72,11,0,0,0,0,0,0,0,0,0,-95,0,6,1,19325876,0,110,0,0,19.5373,128,[110 96 6 0 0 0 0 0 0 0 0 0 7 -17 12 -15 11 -21 16 -21 19 -19 20 -17 19 -17 18 -19 17 -18 19 -13 18 -13 19 -14 22 -9 24 -10 19 -12 14 -11 17 -9 15 -8 13 -9 13 -10 4 -10 6 -11 7 -9 5 -8 3 -7 0 -7 0 0 -4 -9 -6 -9 -9 -7 -11 -7 -12 -7 -10 -7 -11 -8 -11 -8 -16 -4 -18 -2 -17 -9 -23 -4 -19 -6 -22 -9 -25 -8 -26 -3 -23 -5 -21 -7 -24 -4 -25 -3 -20 -5 -21 -6 -18 -7 -15 -3 -15 -4 -11 -3 0 0 0 0 0 0 0 0 0 0 ]
CSI_DATA,STA,C8:F0:9E:F2:A4:F5,-76,11,1,2,1,1,1,0,0,0,0,-95,0,6,1,19357341,0,110,0,0,19.5685,384,[110 96 6 0 0 0 0 0 0 0 0 0 -2 -19 0 -20 1 -24 2 -25 5 -23 5 -29 8 -29 8 -27 0 -27 8 -24 7 -23 9 -25 9 -23 5 -25 2 -20 9 -24 12 -14 0 -24 5 -18 1 -26 6 -9 0 -10 2 -11 7 -13 -11 -10 1 -9 0 0 -9 -7 -11 -16 -2 2 -10 -6 -11 -4 0 -4 -23 6 -14 1 -14 6 -23 9 -13 3 -17 8 -18 9 -13 13 -14 11 -20 16 -16 13 -17 15 -17 15 -17 14 -16 13 -16 12 -13 12 -12 13 -11 8 -10 10 0 0 0 0 0 0 0 0 0 0 ]
CSI_DATA,STA,C8:F0:9E:F2:A4:F5,-76,11,1,2,1,1,1,0,0,0,0,-95,0,6,1,19400827,0,110,0,0,19.6119,384,[110 96 6 0 0 0 0 0 0 0 0 0 -13 6 -13 4 -12 6 -15 7 -17 5 -18 7 -20 6 -18 3 -17 2 -16 3 -18 5 -19 0 -13 1 -14 3 -17 2 -17 4 -17 1 -11 1 -13 1 -8 4 -11 3 -12 -3 -8 1 -10 2 -7 8 -9 7 0 0 -2 9 -5 8 0 7 -1 7 5 12 2 10 0 11 3 9 4 13 6 12 8 11 8 13 6 13 8 15 8 14 10 12 11 14 10 11 8 15 8 14 6 11 7 9 4 11 9 8 7 8 6 8 0 0 0 0 0 0 0 0 0 0 ]
CSI_DATA,STA,C8:F0:9E:F2:A4:F5,-75,11,1,2,1,1,1,0,0,0,0,-95,0,6,1,19441385,0,110,0,0,19.6523,384,[110 96 6 0 0 0 0 0 0 0 0 0 -29 -25 -35 -25 -30 -38 -28 -37 -30 -39 -30 -39 -24 -46 -12 -37 -18 -47 -16 -39 -14 -47 -14 -43 -12 -44 -10 -39 -14 -40 5 -53 -20 -29 4 -36 7 -39 -7 -31 -14 -24 -10 -7 -14 -14 -17 -21 -20 -23 -13 -18 0 0 -25 -7 -33 -12 -27 -10 -38 10 -11 10 -26 0 -43 5 -41 11 -38 7 -22 8 -21 10 -33 11 -40 6 -37 20 -37 10 -37 16 -36 9 -29 17 -35 10 -26 14 -30 17 -32 8 -19 15 -24 9 -6 7 -14 -1 0 0 0 0 0 0 0 0 0 0 ]
CSI_DATA,STA,C8:F0:9E:F2:A4:F5,-73,11,0,0,0,0,0,0,0,0,0,-95,0,6,1,19487451,0,110,0,0,19.6987,128,[110 96 6 0 0 0 0 0 0 0 0 0 43 -16 59 -12 61 5 84 9 77 7 73 11 93 24 84 34 98 40 83 44 89 38 91 46 86 43 82 32 72 26 97 41 85 42 71 18 86 28 64 39 56 11 49 22 62 13 50 -9 69 2 54 -3 0 0 25 -26 30 -42 37 -26 12 -50 5 -35 25 -36 21 -46 12 -55 2 -55 -1 -46 -9 -62 -6 -55 -10 -71 -5 -64 -2 -71 -13 -71 -17 -76 -10 -68 -6 -65 -10 -68 -5 -68 -6 -59 -12 -54 -4 -53 -13 -42 -8 -42 0 0 0 0 0 0 0 0 0 0 ]
CSI_DATA,STA,C8:F0:9E:F2:A4:F5,-69,11,0,0,0,0,0,0,0,0,0,-95,0,6,1,19521635,0,110,0,0,19.7328,128,[110 96 6 0 0 0 0 0 0 0 0 0 -12 -48 -8 -59 -7 -54 -5 -60 0 -66 -3 -61 4 -68 12 -60 20 -69 12 -69 18 -63 15 -65 37 -72 13 -57 14 -66 5 -65 23 -72 25 -53 7 -34 7 -57 12 -34 -7 -27 12 -41 -4 -42 -16 -27 -14 -19 0 0 -21 -18 -21 -40 -30 -4 -29 -27 -26 -33 -20 -31 -28 -29 -25 -20 -43 -12 -41 -26 -39 0 -38 -7 -45 -7 -43 1 -53 -6 -50 -8 -49 -1 -53 -4 -47 -3 -45 -4 -35 1 -42 3 -44 -4 -33 11 -31 5 -26 6 0 0 0 0 0 0 0 0 0 0 ]
CSI_DATA,STA,C8:F0:9E:F2:A4:F5,-69,11,0,0,0,0,0,0,0,0,0,-95,0,6,1,19694439,0,110,0,0,19.9058,128,[110 96 6 0 0 0 0 0 0 0 0 0 -43 -19 -42 -31 -43 -36 -47 -38 -45 -41 -43 -46 -42 -53 -37 -51 -35 -56 -35 -53 -36 -50 -39 -54 -32 -56 -29 -47 -32 -49 -28 -49 -24 -49 -22 -36 -26 -39 -23 -34 -27 -37 -26 -37 -22 -12 -19 -11 -28 -31 -23 -27 0 0 -34 -11 -29 15 -32 0 -32 14 -37 13 -36 14 -42 22 -33 14 -34 21 -33 21 -39 32 -38 38 -37 31 -40 40 -45 31 -46 35 -43 34 -43 32 -40 33 -38 31 -37 27 -37 30 -31 29 -33 31 -21 30 -21 31 0 0 0 0 0 0 0 0 0 0 ]
CSI_DATA,STA,C8:F0:9E:F2:A4:F5,-72,11,0,0,0,0,0,0,0,0,0,-92,0,6,1,19774091,0,110,0,0,19.9853,128,[110 96 6 0 0 0 0 0 0 0 0 0 -17 2 -19 -1 -21 0 -23 -3 -22 -5 -24 -7 -23 -8 -23 -10 -24 -11 -22 -12 -23 -12 -21 -14 -19 -13 -20 -13 -19 -12 -17 -12 -17 -13 -13 -8 -16 -13 -14 -12 -12 -6 -13 -7 -14 -4 -13 -5 -11 -3 -10 -2 0 0 -12 4 -8 6 -5 6 -10 5 -4 13 -8 11 -4 9 -8 14 -4 2 -16 7 -8 16 -5 19 -6 18 -8 18 -9 19 -9 19 -8 18 -9 18 -10 19 -7 17 -7 16 -7 16 -6 14 -5 14 -3 13 -3 11 0 0 0 0 0 0 0 0 0 0 ]
CSI_DATA,STA,C8:F0:9E:F2:A4:F5,-73,11,0,0,0,0,0,0,0,0,0,-92,0,6,1,19854650,0,110,0,0,20.0659,128,[110 96 6 0 0 0 0 0 0 0 0 0 29 28 35 36 33 37 35 47 25 43 26 52 17 57 24 51 14 54 18 47 22 60 23 56 13 54 20 53 17 39 3 48 6 51 4 45 11 36 15 30 13 35 6 24 1 27 15 23 16 22 13 10 0 0 14 -12 8 -2 12 -18 11 -20 31 -21 17 -12 25 -39 20 -42 13 -23 18 -59 10 -49 7 -58 17 -39 25 -43 23 -50 24 -54 23 -44 28 -45 22 -48 20 -49 25 -42 18 -42 9 -36 7 -37 4 -31 -1 -28 0 0 0 0 0 0 0 0 0 0 ]
CSI_DATA,STA,C8:F0:9E:F2:A4:F5,-78,11,1,2,1,1,1,0,0,0,0,-92,0,6,1,19866264,0,110,0,0,20.0772,384,[110 96 6 0 0 0 0 0 0 0 0 0 4 -5 4 -5 3 -4 5 -3 3 -5 5 -3 6 -4 5 -3 6 -4 6 -3 6 -2 6 -3 7 -2 5 -3 5 -3 5 -1 5 -2 3 -2 3 -2 4 -3 3 -1 2 -2 2 -2 2 -2 2 -2 1 -3 0 0 -1 -3 0 -2 -2 -3 -2 -2 -2 -3 -3 -4 -4 -3 -5 -4 -5 -4 -5 -2 -5 -2 -5 -3 -5 -3 -5 -4 -7 -3 -7 -3 -6 -4 -7 -4 -6 -3 -6 -2 -5 -3 -6 -1 -5 -4 -6 -2 -7 2 -4 -3 0 0 0 0 0 0 0 0 0 0 ]
CSI_DATA,STA,C8:F0:9E:F2:A4:F5,-76,11,0,0,0,0,0,0,0,0,0,-92,0,6,1,19894090,0,110,0,0,20.1053,128,[110 96 6 0 0 0 0 0 0 0 0 0 -45 8 -54 12 -71 1 -85 -6 -74 -8 -80 -1 -89 -23 -84 -23 -94 -37 -82 -28 -95 -42 -81 -32 -88 -38 -80 -37 -67 -20 -68 -36 -71 -40 -63 -25 -70 -23 -50 -32 -55 -20 -60 -17 -36 3 -31 2 -51 -2 -37 -15 0 0 -31 16 -12 38 -2 16 0 62 3 47 -1 41 8 62 10 45 22 46 24 59 21 68 18 61 34 74 15 70 32 84 29 79 30 79 27 77 31 75 26 78 29 67 30 57 25 56 34 56 31 44 32 44 0 0 0 0 0 0 0 0 0 0 ]
CSI_DATA,STA,C8:F0:9E:F2:A4:F5,-73,11,0,0,0,0,0,0,0,0,0,-92,0,6,1,19975416,0,110,0,0,20.1865,128,[110 96 6 0 0 0 0 0 0 0 0 0 22 8 31 12 34 12 36 17 33 20 35 22 36 25 35 29 37 32 33 31 38 34 34 34 33 33 32 32 28 32 28 33 25 30 24 28 20 19 25 17 20 19 12 21 17 11 22 18 12 15 14 10 0 0 17 0 15 -10 18 -10 14 -16 10 -14 15 -15 19 -13 16 -18 26 -23 27 -14 12 -29 15 -28 9 -32 12 -37 12 -36 12 -39 10 -35 9 -37 11 -37 9 -37 10 -35 10 -32 6 -28 7 -29 3 -25 2 -22 0 0 0 0 0 0 0 0 0 0 ]
CSI_DATA,STA,C8:F0:9E:F2:A4:F5,-73,11,0,0,0,0,0,0,0,0,0,-94,0,6,1,20080252,0,110,0,0,20.2916,128,[110 96 6 0 0 0 0 0 0 0 0 0 -49 -20 -53 -12 -60 -32 -70 -43 -68 -36 -69 -43 -73 -56 -66 -47 -71 -72 -61 -63 -70 -74 -59 -78 -56 -79 -59 -62 -57 -62 -52 -72 -31 -71 -30 -55 -41 -42 -48 -73 -31 -52 -48 -52 -36 -27 -49 -32 -43 -21 -39 -26 0 0 -49 -1 -48 5 -61 3 -40 11 -33 18 -74 23 -61 32 -37 33 -55 33 -46 21 -55 49 -49 52 -45 58 -57 50 -60 54 -67 59 -58 58 -56 55 -59 50 -55 54 -48 45 -42 46 -45 49 -43 49 -22 54 -33 43 0 0 0 0 0 0 0 0 0 0 ]
CSI_DATA,STA,C8:F0:9E:F2:A4:F5,-70,11,0,0,0,0,0,0,0,0,0,-94,0,6,1,20098936,0,110,0,0,20.31,128,[110 96 6 0 0 0 0 0 0 0 0 0 6 -26 9 -27 10 -31 13 -31 14 -32 16 -31 19 -33 19 -31 22 -32 21 -28 23 -33 24 -31 24 -29 22 -27 27 -26 20 -26 26 -20 22 -17 20 -23 11 -24 14 -27 17 -15 11 -21 6 -13 1 -12 -2 -16 0 0 -6 -16 -3 -7 -4 -7 -12 -6 -16 -10 -13 -15 -15 -10 -16 -9 -20 -13 -22 -11 -28 -7 -30 -8 -28 -10 -30 -9 -29 -7 -31 -7 -30 -7 -30 -8 -29 -9 -26 -8 -27 -7 -24 -6 -22 -4 -21 -4 -17 -2 -15 1 0 0 0 0 0 0 0 0 0 0 ]
CSI_DATA,STA,C8:F0:9E:F2:A4:F5,-74,11,0,0,0,0,0,0,0,0,0,-94,0,6,1,20164202,0,110,0,0,20.3755,128,[110 96 6 0 0 0 0 0 0 0 0 0 36 43 32 57 36 67 40 74 33 75 30 69 30 78 22 79 22 85 12 71 19 84 7 82 20 77 19 71 22 69 14 74 21 65 13 56 19 55 12 46 14 37 15 45 20 3 24 23 -1 16 12 41 0 0 6 -5 32 -41 34 -30 48 -49 36 -32 26 -39 32 -41 23 -42 24 -44 29 -63 31 -57 31 -76 33 -67 30 -67 21 -66 22 -82 20 -75 19 -71 25 -74 24 -77 21 -67 14 -55 16 -56 15 -54 5 -39 7 -41 0 0 0 0 0 0 0 0 0 0 ]
CSI_DATA,STA,C8:F0:9E:F2:A4:F5,-73,11,0,0,0,0,0,0,0,0,0,-94,0,6,1,20223694,0,110,0,0,20.4351,128,[110 96 6 0 0 0 0 0 0 0 0 0 -31 -1 -29 -1 -30 -2 -35 -4 -32 -5 -30 -9 -32 -13 -30 -12 -30 -15 -28 -16 -29 -19 -28 -20 -23 -15 -22 -14 -24 -16 -23 -13 -15 -19 -20 -12 -26 -10 -22 -10 -19 -12 -5 -3 -7 -5 -18 -5 -14 -2 -5 7 0 0 -6 9 -3 18 3 17 -2 12 -5 4 0 18 2 19 -4 30 -7 11 -14 33 7 29 2 29 -2 27 1 29 1 23 4 45 -2 29 1 31 -2 32 -1 26 0 27 -2 25 2 21 -1 20 3 14 3 16 0 0 0 0 0 0 0 0 0 0 ]
CSI_DATA,STA,C8:F0:9E:F2:A4:F5,-75,11,0,0,0,0,0,0,0,0,0,-94,0,6,1,20307232,0,110,0,0,20.5186,128,[110 96 6 0 0 0 0 0 0 0 0 0 43 17 44 25 47 29 48 30 48 31 45 34 45 38 40 39 40 40 35 35 37 33 34 32 35 38 32 30 42 30 34 31 35 16 18 9 27 18 19 6 25 -2 18 10 22 15 28 9 9 8 14 2 0 0 12 -22 0 -12 -21 -32 -2 -30 -9 -24 -10 -44 -7 -42 -18 -29 -34 -28 -34 -27 -32 -35 -41 -31 -30 -29 -29 -37 -45 -37 -43 -41 -35 -38 -32 -37 -30 -36 -27 -35 -26 -31 -18 -27 -17 -29 -14 -21 -8 -16 -9 -14 0 0 0 0 0 0 0 0 0 0 ]
CSI_DATA,STA,C8:F0:9E:F2:A4:F5,-75,11,0,0,0,0,0,0,0,0,0,-94,0,6,1,20347734,0,110,0,0,20.5588,128,[110 96 6 0 0 0 0 0 0 0 0 0 -15 -16 -13 -24 -13 -20 -13 -28 -11 -25 -9 -24 -13 -26 -9 -21 -14 -25 -6 -21 -8 -22 -10 -21 -11 -18 -9 -21 -7 -22 -9 -16 -10 -12 -14 -17 -11 -4 -11 -11 -9 -2 -9 -4 -6 -5 0 7 -4 -8 1 7 0 0 0 9 -6 14 -1 5 5 11 -2 10 5 9 1 15 2 16 2 15 7 15 12 19 11 18 15 15 10 14 13 10 22 17 14 11 14 17 12 20 9 21 6 13 8 16 10 9 8 5 6 11 3 5 0 0 0 0 0 0 0 0 0 0 ]
CSI_DATA,STA,C8:F0:9E:F2:A4:F5,-72,11,0,0,0,0,0,0,0,0,0,-94,0,6,1,20468788,0,110,0,0,20.6801,128,[110 96 6 0 0 0 0 0 0 0 0 0 -3 10 -5 10 -5 10 -7 12 -8 10 -9 11 -9 10 -9 9 -10 9 -10 9 -9 10 -11 9 -10 8 -10 7 -10 8 -11 8 -10 7 -9 5 -9 5 -9 8 -7 6 -8 5 -3 5 -8 5 -2 6 -2 5 0 0 -2 4 2 5 1 3 0 2 2 3 2 4 6 2 2 4 8 3 5 3 8 4 9 3 7 3 9 2 10 3 9 3 10 2 10 3 10 3 8 2 9 3 8 3 7 1 6 2 5 2 4 2 0 0 0 0 0 0 0 0 0 0 ]
CSI_DATA,STA,C8:F0:9E:F2:A4:F5,-71,11,0,0,0,0,0,0,0,0,0,-94,0,6,1,20514765,0,110,0,0,20.7262,128,[110 96 6 0 0 0 0 0 0 0 0 0 4 -16 6 -17 8 -19 10 -19 12 -20 13 -18 14 -19 15 -17 15 -18 16 -17 17 -18 17 -17 17 -16 16 -17 14 -13 15 -18 14 -14 15 -13 15 -13 12 -13 14 -9 8 -14 5 -12 2 -10 3 -14 3 -11 0 0 -1 -9 0 -12 1 -9 -5 -8 -7 -8 -11 -7 -13 -7 -10 -8 -11 -9 -10 -11 -16 -9 -16 -8 -18 -9 -17 -9 -19 -7 -19 -7 -19 -9 -19 -9 -19 -9 -18 -8 -16 -7 -15 -7 -14 -6 -14 -6 -12 -5 -10 -3 0 0 0 0 0 0 0 0 0 0 ]
CSI_DATA,STA,C8:F0:9E:F2:A4:F5,-72,11,0,0,0,0,0,0,0,0,0,-94,0,6,1,20539475,0,110,0,0,20.7505,128,[110 96 6 0 0 0 0 0 0 0 0 0 -10 26 -16 27 -18 23 -20 26 -18 21 -23 24 -23 25 -23 21 -25 14 -23 19 -25 20 -21 14 -25 23 -29 18 -18 17 -16 11 -13 14 -18 12 -18 12 -7 9 -11 15 -10 -1 -3 13 -7 3 -4 6 0 26 0 0 -1 7 -1 3 11 13 9 1 7 -1 6 6 16 12 22 4 12 9 22 13 28 20 19 3 22 7 27 8 31 10 23 7 22 8 24 8 18 4 15 7 16 5 16 6 13 5 13 3 10 0 7 -1 0 0 0 0 0 0 0 0 0 0 ]
CSI_DATA,STA,C8:F0:9E:F2:A4:F5,-68,11,0,0,0,0,0,0,0,0,0,-94,0,6,1,20775640,0,110,0,0,20.987,128,[110 96 6 0 0 0 0 0 0 0 0 0 -3 -20 -2 -24 -2 -23 0 -27 1 -24 4 -29 5 -27 5 -25 9 -27 5 -25 4 -27 6 -27 7 -27 7 -23 7 -23 7 -21 8 -19 9 -17 8 -20 5 -15 4 -13 5 -17 2 -14 -3 -17 -3 -14 -3 -14 0 0 -7 -13 -6 -13 -13 -11 -12 -10 -14 -9 -12 -18 -13 -13 -10 -7 -23 -12 1 13 -18 -5 -18 -6 -17 -8 -19 -11 -18 -6 -21 -9 -20 -6 -21 -9 -19 -10 -19 -8 -19 -6 -17 -8 -14 -6 -14 -6 -14 -2 -13 -2 0 0 0 0 0 0 0 0 0 0 ]
CSI_DATA,STA,C8:F0:9E:F2:A4:F5,-73,11,0,0,0,0,0,0,0,0,0,-94,0,6,1,20869691,0,110,0,0,21.081,128,[110 96 6 0 0 0 0 0 0 0 0 0 55 37 55 42 56 59 55 76 48 67 49 68 46 82 41 81 37 90 32 78 38 87 32 92 34 92 27 74 33 74 29 80 26 79 23 51 24 56 27 58 21 46 23 41 22 43 40 29 41 34 38 26 0 0 53 0 45 1 58 -7 57 -17 51 -18 54 -16 63 -19 52 -18 61 -38 48 -36 59 -34 58 -48 59 -40 58 -44 64 -36 68 -48 62 -45 55 -43 59 -41 56 -44 51 -42 42 -35 38 -33 42 -38 28 -31 25 -27 0 0 0 0 0 0 0 0 0 0 ]
CSI_DATA,STA,C8:F0:9E:F2:A4:F5,-75,11,0,0,0,0,0,0,0,0,0,-94,0,6,1,20904918,0,110,0,0,21.1163,128,[110 96 6 0 0 0 0 0 0 0 0 0 3 -54 23 -61 30 -69 48 -74 33 -67 47 -71 60 -74 65 -63 75 -66 62 -54 67 -71 67 -60 79 -45 56 -55 44 -52 64 -50 57 -44 52 -55 63 -50 55 -47 36 -22 45 -34 41 -38 29 -56 7 -56 6 -39 0 0 -33 -41 -19 -43 -35 -60 -28 -37 -58 -29 -36 -30 -53 -49 -51 -30 -53 -35 -62 -41 -80 -52 -61 -42 -77 -36 -71 -35 -70 -37 -76 -51 -80 -42 -68 -43 -66 -38 -66 -45 -64 -38 -53 -29 -52 -23 -54 -30 -36 -10 -42 -15 0 0 0 0 0 0 0 0 0 0 ]
CSI_DATA,STA,C8:F0:9E:F2:A4:F5,-73,11,0,0,0,0,0,0,0,0,0,-94,0,6,1,21078346,0,110,0,0,21.2896,128,[110 96 6 0 0 0 0 0 0 0 0 0 40 22 35 32 39 55 40 60 36 49 42 73 38 81 29 78 27 89 20 78 31 99 14 96 18 98 27 88 21 83 20 87 20 94 19 72 15 68 10 80 10 66 16 60 15 63 26 39 22 30 27 35 0 0 36 4 44 23 50 6 65 -11 50 -5 47 3 38 1 38 -13 62 -23 48 -24 43 -29 37 -34 41 -43 40 -36 56 -40 55 -50 48 -38 51 -42 49 -35 51 -41 46 -37 42 -32 39 -25 40 -35 28 -34 26 -28 0 0 0 0 0 0 0 0 0 0 ]
CSI_DATA,STA,C8:F0:9E:F2:A4:F5,-71,11,0,0,0,0,0,0,0,0,0,-94,0,6,1,21126452,0,110,0,0,21.3379,128,[110 96 6 0 0 0 0 0 0 0 0 0 -2 -23 0 -25 0 -26 3 -28 4 -27 7 -27 9 -28 9 -27 12 -26 11 -24 12 -27 12 -24 14 -23 11 -23 12 -20 15 -21 9 -17 7 -19 12 -19 1 -21 4 -16 -2 -6 3 -13 4 -13 6 -15 0 -14 0 0 -4 -7 -10 -17 -8 -8 -13 -7 -7 -4 -9 -5 -18 -6 -20 -4 -17 -1 -17 -3 -14 0 -17 -3 -20 -4 -22 -3 -22 -5 -23 -4 -20 -3 -20 -4 -18 -4 -17 -3 -14 -2 -14 -2 -12 -1 -10 1 -8 0 -7 3 0 0 0 0 0 0 0 0 0 0 ]
CSI_DATA,STA,C8:F0:9E:F2:A4:F5,-72,11,0,0,0,0,0,0,0,0,0,-94,0,6,1,21163950,0,110,0,0,21.3752,128,[110 96 6 0 0 0 0 0 0 0 0 0 16 1 19 8 26 6 27 7 26 13 28 16 24 16 26 16 24 19 21 14 23 18 21 17 21 18 21 14 20 15 19 15 19 12 15 16 17 13 16 21 12 14 13 10 10 6 8 6 15 1 9 -3 0 0 8 -3 6 -8 14 -2 7 -11 8 -10 7 -7 9 -16 5 -14 3 -19 4 -14 2 -23 1 -21 -1 -24 3 -22 1 -23 0 -28 3 -23 2 -24 2 -24 2 -21 2 -20 2 -19 0 -16 0 -15 -2 -15 -2 -12 0 0 0 0 0 0 0 0 0 0 ]
CSI_DATA,STA,C8:F0:9E:F2:A4:F5,-74,11,0,0,0,0,0,0,0,0,0,-94,0,6,1,21314557,0,110,0,0,21.5258,128,[110 96 6 0 0 0 0 0 0 0 0 0 -8 -20 -6 -20 -5 -24 -3 -25 -3 -25 -2 -24 0 -25 1 -23 0 -24 1 -25 1 -25 1 -23 3 -21 2 -15 -6 -18 -8 -21 0 -11 -1 -15 -7 -23 -3 -12 -4 -12 -5 -18 -6 -8 -3 -7 -4 -9 -9 -7 0 0 -9 -3 -8 5 -8 -1 -10 5 -15 9 -12 5 -14 7 -18 6 -13 11 -15 9 -15 7 -16 10 -15 13 -14 10 -16 13 -17 10 -18 13 -15 11 -16 10 -16 8 -14 6 -12 7 -10 3 -10 3 -8 3 -5 1 0 0 0 0 0 0 0 0 0 0 ]
CSI_DATA,STA,C8:F0:9E:F2:A4:F5,-76,11,1,2,1,1,1,0,0,0,0,-93,0,6,1,21631642,0,110,0,0,21.843,384,[110 96 6 0 0 0 0 0 0 0 0 0 18 -2 18 -1 20 3 20 2 21 5 23 4 23 4 22 7 23 6 24 8 25 6 22 8 21 11 22 6 21 7 23 8 21 5 20 12 19 8 8 4 19 1 19 3 15 -4 13 3 14 4 10 -2 0 0 8 -3 11 -5 8 -8 15 -9 8 -11 -1 -6 4 -14 8 -15 -7 -24 -8 -28 6 -16 5 -12 -4 -16 3 -16 0 -21 -2 -17 0 -17 -1 -18 0 -16 1 -15 2 -17 -2 -14 -1 -10 2 -15 7 -9 -8 -2 0 0 0 0 0 0 0 0 0 0 ]
CSI_DATA,STA,C8:F0:9E:F2:A4:F5,-77,11,1,2,1,1,1,0,0,0,0,-93,0,6,1,21654107,0,110,0,0,21.865,384,[110 96 6 0 0 0 0 0 0 0 0 0 17 -1 18 -2 16 -3 18 -1 24 -4 22 0 26 4 22 2 27 2 26 5 24 6 26 4 27 5 26 1 26 8 24 2 23 7 22 0 17 3 29 -2 19 1 21 -2 12 1 17 -9 13 3 12 0 0 0 6 -8 10 -8 3 -9 -4 -2 -3 -7 0 -12 -6 -8 -5 -15 0 -8 -6 -11 -9 -10 -7 -10 -13 -10 -12 -13 -12 -15 -13 -10 -13 -14 -15 -15 -13 -13 -12 -14 -12 -12 -13 -12 -11 -12 -10 -10 -8 -8 -7 -7 0 0 0 0 0 0 0 0 0 0 ]
CSI_DATA,STA,C8:F0:9E:F2:A4:F5,-74,11,0,0,0,0,0,0,0,0,0,-95,0,6,1,22432092,0,110,0,0,22.6436,128,[110 96 6 0 0 0 0 0 0 0 0 0 -41 3 -59 0 -65 -5 -72 -25 -64 -22 -77 -36 -93 -29 -92 -33 -97 -52 -71 -48 -82 -53 -81 -56 -80 -55 -72 -55 -65 -50 -78 -61 -72 -54 -63 -34 -49 -23 -44 -32 -58 -35 -55 -13 -50 -47 -46 -21 -59 -1 -51 -10 0 0 -14 8 -37 9 -27 18 9 16 -31 33 -13 31 -1 29 -9 32 2 60 0 44 2 53 18 63 13 64 9 67 12 63 9 78 13 72 12 71 10 68 14 63 8 63 10 60 12 54 14 56 16 42 14 38 0 0 0 0 0 0 0 0 0 0 ]
CSI_DATA,STA,C8:F0:9E:F2:A4:F5,-70,11,0,0,0,0,0,0,0,0,0,-95,0,6,1,22557633,0,110,0,0,22.7691,128,[110 96 6 0 0 0 0 0 0 0 0 0 -11 -8 -10 -9 -10 -12 -11 -12 -10 -13 -10 -14 -10 -16 -9 -16 -9 -16 -7 -17 -7 -18 -8 -18 -7 -17 -7 -17 -7 -17 -7 -16 -5 -17 -3 -14 -6 -15 -9 -12 -7 -14 -5 -12 -5 -13 -6 -8 -7 -7 -6 -9 0 0 -6 -6 -9 -4 -7 0 -10 -3 -7 -1 -4 4 -10 4 -7 4 -9 8 -9 7 -8 9 -8 10 -8 9 -9 10 -8 11 -9 13 -8 11 -8 12 -8 12 -7 11 -8 11 -7 10 -7 8 -6 8 -5 7 -4 5 0 0 0 0 0 0 0 0 0 0 ]
CSI_DATA,STA,C8:F0:9E:F2:A4:F5,-70,11,0,0,0,0,0,0,0,0,0,-95,0,6,1,22634768,0,110,0,0,22.8461,128,[110 96 6 0 0 0 0 0 0 0 0 0 8 -13 14 -15 14 -13 19 -17 17 -13 22 -15 22 -12 23 -13 25 -10 22 -10 25 -12 26 -12 25 -10 25 -8 26 -9 25 -5 26 -6 19 -7 14 -5 25 -3 24 -5 18 -4 17 -9 16 -9 14 -5 7 -8 0 0 8 -4 9 -6 3 -8 1 -12 -1 -9 0 -13 -2 -10 -7 -12 -7 -14 -4 -13 -9 -14 -11 -12 -12 -15 -11 -16 -10 -19 -13 -19 -12 -15 -13 -18 -12 -18 -11 -18 -11 -16 -10 -15 -9 -12 -10 -13 -10 -10 -10 -8 0 0 0 0 0 0 0 0 0 0 ]
CSI_DATA,STA,C8:F0:9E:F2:A4:F5,-70,11,0,0,0,0,0,0,0,0,0,-95,0,6,1,22744345,0,110,0,0,22.9557,128,[110 96 6 0 0 0 0 0 0 0 0 0 18 -18 23 -19 25 -19 30 -20 33 -18 35 -16 38 -15 39 -12 41 -12 39 -12 41 -13 40 -10 43 -9 40 -11 38 -6 40 -6 38 -5 32 -7 36 -12 33 -8 31 -4 30 -8 27 -10 21 -14 17 -11 17 -7 0 0 8 -9 8 -13 6 -14 9 -15 -2 -12 -2 -15 -8 -22 -10 -22 -6 -14 -10 -20 -15 -19 -12 -21 -17 -21 -15 -20 -17 -22 -17 -25 -18 -22 -17 -24 -17 -24 -18 -21 -17 -20 -17 -18 -16 -15 -16 -14 -14 -10 -16 -9 0 0 0 0 0 0 0 0 0 0 ]
CSI_DATA,STA,C8:F0:9E:F2:A4:F5,-72,11,0,0,0,0,0,0,0,0,0,-95,0,6,1,23043501,0,110,0,0,23.2548,128,[110 96 6 0 0 0 0 0 0 0 0 0 13 1 15 4 18 5 19 7 20 9 21 11 20 15 20 15 21 17 22 17 23 19 21 19 22 18 21 17 17 18 20 18 16 15 16 17 12 15 14 15 14 13 17 8 9 13 11 7 15 11 9 2 0 0 6 2 2 4 5 -2 3 -9 1 -10 0 -10 3 -10 4 -12 -1 -14 -1 -16 -3 -18 -2 -19 -3 -22 -4 -24 -4 -23 -2 -26 -3 -24 -2 -24 -1 -24 -1 -22 -2 -21 -3 -19 -4 -18 -1 -14 -7 -7 -5 -9 0 0 0 0 0 0 0 0 0 0 ]
CSI_DATA,STA,C8:F0:9E:F2:A4:F5,-77,11,1,2,1,1,1,0,0,0,0,-93,0,6,1,23375824,0,110,0,0,23.5871,384,[110 96 6 0 0 0 0 0 0 0 0 0 5 14 0 3 9 11 7 16 6 17 6 17 7 17 5 18 4 18 2 19 2 20 1 20 0 18 0 19 1 14 -1 18 -1 13 2 10 -2 17 2 15 -3 17 1 13 0 10 5 8 0 11 1 10 0 0 5 9 6 3 8 9 5 4 6 3 8 -2 10 1 9 -1 10 -2 12 -5 12 -3 12 -2 13 -5 13 -4 13 -4 14 -3 11 -6 14 -6 15 -6 12 -7 12 -7 12 -7 11 -6 10 -8 10 -8 10 -10 0 0 0 0 0 0 0 0 0 0 ]
CSI_DATA,STA,C8:F0:9E:F2:A4:F5,-77,11,1,2,1,1,1,0,0,0,0,-95,0,6,1,23541576,0,110,0,0,23.7529,384,[110 96 6 0 0 0 0 0 0 0 0 0 -18 4 -19 4 -19 3 -23 3 -21 3 -24 4 -22 1 -24 0 -21 -1 -22 -1 -21 -2 -20 -1 -22 -1 -20 -2 -17 0 -18 0 -21 -4 -11 2 -13 0 -16 0 -18 -1 -7 1 -10 1 -3 -1 -4 0 -3 2 0 0 1 1 0 3 1 9 2 3 3 3 9 -2 9 -4 9 5 9 0 8 0 10 3 13 2 12 0 15 1 13 1 15 0 14 0 15 -1 15 0 12 -2 14 -1 10 -1 9 -3 10 -2 7 -4 8 -5 0 0 0 0 0 0 0 0 0 0 ]
CSI_DATA,STA,C8:F0:9E:F2:A4:F5,-79,11,1,2,1,1,1,0,0,0,0,-95,0,6,1,23931752,0,110,0,0,24.1431,384,[110 96 6 0 0 0 0 0 0 0 0 0 -9 0 -12 -2 -11 -2 -13 -5 -10 -7 -12 -7 -11 -9 -11 -9 -10 -9 -9 -12 -9 -9 -6 -11 -8 -11 -6 -8 -7 -7 -9 -9 -5 -7 -5 -9 -4 -4 -4 -7 -4 -3 -7 -5 -3 -3 -2 -3 -4 2 -2 -1 0 0 -1 2 -2 5 0 6 1 5 -1 9 1 9 2 10 2 9 3 11 2 14 4 13 1 13 3 13 4 14 2 13 4 12 3 13 5 12 6 12 6 10 5 11 6 9 5 8 7 9 7 7 7 5 0 0 0 0 0 0 0 0 0 0 ]
CSI_DATA,STA,C8:F0:9E:F2:A4:F5,-74,11,0,0,0,0,0,0,0,0,0,-95,0,6,1,24053941,0,110,0,0,24.2652,128,[110 96 6 0 0 0 0 0 0 0 0 0 38 23 39 20 44 29 48 45 42 40 42 43 41 57 28 53 30 59 29 58 26 70 24 63 31 65 19 53 14 48 23 48 24 48 7 43 10 28 17 53 22 33 42 25 12 40 19 31 46 33 13 15 0 0 39 15 47 31 50 0 41 2 34 6 65 6 68 -2 60 -14 72 5 71 -12 100 -11 74 -16 85 -6 97 -4 100 0 105 -3 96 -6 95 -3 92 3 81 -4 86 -4 73 -6 74 -2 74 -7 67 -6 69 -7 0 0 0 0 0 0 0 0 0 0 ]
CSI_DATA,STA,C8:F0:9E:F2:A4:F5,-72,11,0,0,0,0,0,0,0,0,0,-95,0,6,1,24234282,0,110,0,0,24.4456,128,[110 96 6 0 0 0 0 0 0 0 0 0 10 4 15 -1 14 6 14 4 20 10 22 12 27 8 18 13 18 11 24 14 18 18 27 21 20 24 14 7 22 9 22 3 19 9 15 4 21 8 17 13 14 10 13 7 8 8 4 5 8 -3 2 8 0 0 7 2 5 -7 4 -9 6 -7 2 -2 -2 -8 3 -14 -9 -14 -5 -11 -7 -13 -3 -12 -4 -12 -6 -16 -5 -13 -8 -24 -3 -12 -4 -20 -8 -24 -7 -21 -7 -19 -9 -17 -13 -15 -12 -12 -13 -16 -15 -16 -13 -14 0 0 0 0 0 0 0 0 0 0 ]
CSI_DATA,STA,C8:F0:9E:F2:A4:F5,-72,11,0,0,0,0,0,0,0,0,0,-95,0,6,1,24555967,0,110,0,0,24.7672,128,[110 96 6 0 0 0 0 0 0 0 0 0 2 -12 5 -14 4 -15 7 -15 12 -14 12 -15 14 -15 16 -11 15 -12 19 -9 19 -10 18 -11 16 -9 15 -9 16 -8 17 -10 15 -8 9 -7 10 -7 9 -7 10 -4 7 -4 5 -4 2 -7 -1 -7 -3 -6 0 0 -6 -8 -7 -9 -8 -10 -11 -12 -11 -11 -13 -12 -14 -16 -14 -18 -16 -18 -17 -20 -20 -20 -19 -20 -20 -20 -18 -23 -20 -22 -19 -24 -22 -24 -19 -25 -18 -24 -17 -21 -17 -22 -17 -18 -18 -18 -18 -17 -18 -13 -18 -10 0 0 0 0 0 0 0 0 0 0 ]
CSI_DATA,STA,C8:F0:9E:F2:A4:F5,-72,11,0,0,0,0,0,0,0,0,0,-95,0,6,1,24695747,0,110,0,0,24.9072,128,[110 96 6 0 0 0 0 0 0 0 0 0 -4 29 -5 30 -5 36 -5 38 -8 40 -10 41 -13 42 -17 41 -19 42 -20 42 -19 41 -23 37 -19 39 -17 39 -17 29 -17 36 -18 34 -12 37 -13 27 -11 31 -7 32 -10 22 -16 21 -12 29 -12 22 -8 22 0 0 3 5 1 14 -4 6 2 1 9 3 5 -7 5 -3 17 -6 26 -7 22 -12 28 -8 30 -10 26 -8 24 -8 27 -12 28 -11 31 -11 30 -11 31 -12 28 -12 28 -11 25 -13 20 -14 19 -14 19 -16 14 -17 0 0 0 0 0 0 0 0 0 0 ]
CSI_DATA,STA,C8:F0:9E:F2:A4:F5,-70,11,0,0,0,0,0,0,0,0,0,-95,0,6,1,24709500,0,110,0,0,24.9207,128,[110 96 6 0 0 0 0 0 0 0 0 0 -28 16 -33 16 -36 19 -42 19 -43 17 -49 14 -48 11 -48 11 -50 9 -50 5 -53 5 -50 7 -48 1 -44 6 -44 3 -43 5 -48 1 -41 5 -39 -4 -39 -7 -46 0 -33 -4 -26 -6 -21 -3 -28 2 -19 9 0 0 -17 10 -13 2 1 19 -1 7 1 14 -8 8 -1 24 5 20 8 22 21 27 13 29 16 26 20 25 13 32 14 35 20 33 15 34 15 35 12 35 14 27 16 28 17 22 15 21 19 19 23 12 21 13 0 0 0 0 0 0 0 0 0 0 ]
CSI_DATA,STA,C8:F0:9E:F2:A4:F5,-71,11,0,0,0,0,0,0,0,0,0,-95,0,6,1,24717024,0,110,0,0,24.9278,128,[110 96 6 0 0 0 0 0 0 0 0 0 6 18 6 20 7 22 6 25 5 25 3 29 3 29 1 29 0 30 0 29 0 29 -2 30 -3 29 0 27 -1 24 -5 26 0 26 -5 21 1 22 1 21 -4 16 -1 17 2 12 4 13 2 14 2 13 0 0 6 6 3 3 0 2 9 3 3 -4 11 -6 10 -4 9 -2 10 -4 16 -8 14 -7 15 -10 17 -9 19 -7 21 -9 22 -9 18 -8 19 -9 19 -8 18 -10 16 -9 15 -9 13 -11 11 -12 10 -12 9 -13 0 0 0 0 0 0 0 0 0 0 ]
CSI_DATA,STA,C8:F0:9E:F2:A4:F5,-69,11,0,0,0,0,0,0,0,0,0,-95,0,6,1,24777100,0,110,0,0,24.9886,128,[110 96 6 0 0 0 0 0 0 0 0 0 -16 -18 -16 -20 -15 -21 -16 -24 -16 -23 -15 -23 -14 -25 -19 -31 -13 -26 -12 -25 -10 -29 -9 -28 -9 -26 -8 -25 -6 -24 -7 -22 -5 -23 -5 -23 -8 -23 -4 -18 -4 -18 -7 -14 -5 -13 -10 -13 -7 -14 -9 -9 0 0 -11 -7 -12 -4 -10 -6 -13 -3 -10 -4 -16 1 -16 2 -19 -2 -17 2 -19 1 -22 4 -20 4 -21 2 -21 2 -22 2 -22 3 -22 4 -22 4 -21 4 -19 3 -20 3 -18 3 -17 4 -15 7 -13 7 -13 8 0 0 0 0 0 0 0 0 0 0 ]
CSI_DATA,STA,C8:F0:9E:F2:A4:F5,-68,11,0,0,0,0,0,0,0,0,0,-95,0,6,1,24782956,0,110,0,0,24.9963,128,[110 96 6 0 0 0 0 0 0 0 0 0 -42 22 -47 23 -50 23 -54 23 -54 20 -58 15 -59 14 -58 10 -61 10 -58 4 -60 1 -59 1 -54 0 -52 -1 -45 1 -51 1 -44 3 -42 -2 -44 -1 -41 6 -36 -9 -40 9 -29 0 -30 12 -28 14 -27 8 0 0 -22 16 -14 14 -13 20 -18 19 -15 31 -7 35 -6 31 -11 35 -5 28 -11 36 -13 43 -6 39 -9 44 -8 44 -5 41 -11 45 -7 44 -6 45 -6 43 -2 38 -4 40 -1 40 0 35 1 36 1 32 5 31 0 0 0 0 0 0 0 0 0 0 ]
CSI_DATA,STA,C8:F0:9E:F2:A4:F5,-69,11,0,0,0,0,0,0,0,0,0,-95,0,6,1,24813831,0,110,0,0,25.0251,128,[110 96 6 0 0 0 0 0 0 0 0 0 14 -7 16 -5 18 -4 19 -6 20 -3 22 -2 22 -1 22 2 22 2 21 3 22 2 21 4 19 4 19 4 18 4 18 3 18 2 16 3 15 2 14 0 15 1 15 0 3 1 14 -5 6 1 7 -5 0 0 6 -11 5 -9 0 -14 2 -15 3 -16 1 -16 3 -20 3 -17 0 -23 5 -20 2 -24 3 -23 0 -24 2 -27 2 -24 0 -25 1 -25 1 -26 2 -24 1 -23 -4 -27 -6 -25 5 -21 -1 -20 -4 -20 -4 -20 0 0 0 0 0 0 0 0 0 0 ]
CSI_DATA,STA,C8:F0:9E:F2:A4:F5,-79,11,1,2,1,1,1,0,0,0,0,-95,0,6,1,24890956,0,110,0,0,25.1023,384,[110 96 6 0 0 0 0 0 0 0 0 0 10 31 6 25 -4 26 -13 32 -8 37 7 33 -15 39 -10 40 -16 35 -15 32 -24 43 -21 19 -23 22 -21 29 -6 28 -12 34 -29 26 -24 14 -13 14 -23 14 -10 14 -16 24 -4 25 -7 27 3 34 -5 39 0 0 11 14 12 21 7 28 25 2 11 24 18 8 34 12 23 26 32 27 26 22 35 18 25 24 34 15 39 9 28 17 34 11 34 20 37 6 35 6 33 2 36 7 37 8 26 0 35 5 29 -6 30 -7 0 0 0 0 0 0 0 0 0 0 ]
CSI_DATA,STA,C8:F0:9E:F2:A4:F5,-74,11,1,2,1,1,1,0,0,0,0,-95,0,6,1,24893959,0,110,0,0,25.1092,384,[110 96 6 0 0 0 0 0 0 0 0 0 22 -2 22 1 23 1 24 3 23 5 24 6 25 7 24 9 23 10 20 10 22 10 21 13 21 12 18 14 17 9 18 13 13 13 12 14 14 11 12 13 5 12 12 10 10 4 10 -1 16 0 12 -2 0 0 10 2 13 -7 19 -3 15 -6 11 -5 14 0 12 -2 14 -11 15 -14 11 -14 17 -13 18 -15 15 -11 14 -10 18 -14 18 -15 17 -11 17 -13 18 -12 16 -14 14 -12 13 -11 13 -13 11 -15 12 -17 9 -18 0 0 0 0 0 0 0 0 0 0 ]
CSI_DATA,STA,C8:F0:9E:F2:A4:F5,-70,11,0,0,0,0,0,0,0,0,0,-95,0,6,1,24987023,0,110,0,0,25.1983,128,[110 96 6 0 0 0 0 0 0 0 0 0 -21 -3 -24 -6 -25 -6 -27 -8 -27 -9 -26 -11 -26 -13 -25 -14 -23 -15 -23 -13 -23 -15 -23 -15 -21 -15 -20 -15 -19 -13 -21 -14 -19 -12 -17 -12 -15 -10 -15 -8 -14 -10 -13 -6 -11 -4 -12 -5 -11 -1 -11 0 0 0 -9 6 -12 7 -7 10 -14 11 -6 10 -4 15 -8 19 -14 19 -7 11 0 19 -7 18 -9 18 -9 24 -9 22 -8 21 -8 22 -7 22 -8 20 -6 19 -5 17 -2 18 -3 16 0 17 2 15 4 13 7 11 0 0 0 0 0 0 0 0 0 0 ]
CSI_DATA,STA,C8:F0:9E:F2:A4:F5,-72,11,0,0,0,0,0,0,0,0,0,-95,0,6,1,24997911,0,110,0,0,25.2091,128,[110 96 6 0 0 0 0 0 0 0 0 0 -23 2 -25 1 -26 -2 -28 -3 -27 -6 -28 -7 -29 -8 -27 -11 -28 -12 -26 -12 -28 -13 -25 -11 -25 -13 -24 -12 -22 -11 -22 -12 -18 -12 -16 -10 -18 -8 -17 -7 -16 -5 -13 -5 -14 -3 -11 -2 -10 1 -10 1 0 0 -7 6 -8 7 -7 10 -7 12 -3 12 -4 15 -3 18 -4 18 -3 21 -2 21 -3 22 -2 20 -4 22 -2 23 -5 23 -5 26 -3 24 -1 21 -3 22 -1 17 1 18 2 15 5 13 6 12 4 8 8 6 0 0 0 0 0 0 0 0 0 0 ]
CSI_DATA,STA,C8:F0:9E:F2:A4:F5,-71,11,0,0,0,0,0,0,0,0,0,-95,0,6,1,25288341,0,110,0,0,25.4998,128,[110 96 6 0 0 0 0 0 0 0 0 0 24 -24 32 -22 39 -32 41 -30 46 -26 50 -24 53 -20 53 -18 57 -17 50 -13 53 -15 55 -17 57 -16 56 -12 50 -14 50 -9 48 -6 51 -8 48 -5 42 -6 37 6 37 -5 28 -6 13 -13 24 -6 17 -5 0 0 5 -17 0 -25 5 -24 -9 -30 -8 -36 -16 -35 -10 -41 -15 -46 -19 -49 -20 -54 -20 -57 -18 -54 -26 -58 -18 -58 -17 -58 -16 -64 -16 -57 -17 -53 -15 -51 -18 -50 -19 -46 -17 -43 -25 -36 -29 -35 -29 -27 -33 -26 0 0 0 0 0 0 0 0 0 0 ]
CSI_DATA,STA,C8:F0:9E:F2:A4:F5,-75,11,0,0,0,0,0,0,0,0,0,-95,0,6,1,25395713,0,110,0,0,25.6071,128,[110 96 6 0 0 0 0 0 0 0 0 0 37 -13 67 -11 60 -18 87 -16 76 -26 78 -9 93 -4 86 7 98 18 80 6 90 -7 92 15 86 11 83 -5 85 3 104 10 90 22 82 -2 73 11 73 17 68 12 73 31 45 4 49 -18 52 -13 44 -7 0 0 6 -26 -19 -21 -18 -39 -32 -53 -26 -27 -18 -48 -26 -66 -17 -53 -33 -57 -47 -61 -39 -78 -48 -68 -45 -77 -45 -76 -32 -79 -46 -80 -37 -72 -42 -65 -32 -59 -35 -63 -38 -47 -41 -42 -40 -37 -47 -38 -44 -22 -45 -25 0 0 0 0 0 0 0 0 0 0 ]
CSI_DATA,STA,C8:F0:9E:F2:A4:F5,-71,11,0,0,0,0,0,0,0,0,0,-95,0,6,1,25520768,0,110,0,0,25.7322,128,[110 96 6 0 0 0 0 0 0 0 0 0 -9 22 -11 23 -15 22 -17 23 -18 21 -20 20 -22 20 -22 19 -22 16 -23 16 -26 15 -24 14 -19 16 -21 14 -19 13 -18 13 -19 11 -17 9 -15 10 -12 11 -16 5 -13 7 -9 1 -1 4 1 15 3 3 0 0 6 3 10 6 5 12 14 7 11 11 14 14 14 14 17 13 17 15 18 16 19 18 20 14 21 15 22 15 20 15 21 15 19 14 20 15 19 13 18 10 19 8 18 6 18 2 18 -2 16 -2 18 -4 0 0 0 0 0 0 0 0 0 0 ]
CSI_DATA,STA,C8:F0:9E:F2:A4:F5,-70,11,0,0,0,0,0,0,0,0,0,-95,0,6,1,25665682,0,110,0,0,25.8771,128,[110 96 6 0 0 0 0 0 0 0 0 0 -44 -50 -40 -57 -40 -61 -38 -68 -29 -67 -25 -69 -25 -68 -14 -69 -14 -66 -9 -63 -12 -63 -7 -61 -10 -59 -12 -51 -9 -51 -9 -52 -4 -45 -9 -41 -14 -41 -11 -35 -13 -34 -16 -29 -17 -22 -24 -19 -29 -18 -28 -14 0 0 -41 -10 -44 -8 -50 -3 -56 2 -57 0 -61 3 -67 -3 -66 -4 -75 -2 -70 -3 -84 -4 -75 -5 -82 -2 -78 -7 -77 -11 -82 -10 -74 -8 -71 -8 -65 -5 -61 -2 -60 -3 -55 3 -49 5 -52 9 -44 18 -45 21 0 0 0 0 0 0 0 0 0 0 ]
CSI_DATA,STA,C8:F0:9E:F2:A4:F5,-72,11,0,0,0,0,0,0,0,0,0,-95,0,6,1,25787273,0,110,0,0,25.9987,128,[110 96 6 0 0 0 0 0 0 0 0 0 61 25 56 20 60 37 65 52 57 47 49 50 53 51 43 49 46 52 38 48 35 58 32 51 43 47 39 58 28 45 32 50 33 44 24 35 21 35 23 25 29 31 34 31 15 18 25 2 50 -5 31 3 0 0 43 -8 49 -7 71 -21 57 -25 70 -19 75 -17 80 -11 75 -8 88 -12 83 -18 101 -17 80 -13 94 -6 90 -12 82 -6 100 -10 89 -8 82 -13 84 -9 72 -13 74 -17 61 -21 55 -19 59 -28 48 -30 50 -34 0 0 0 0 0 0 0 0 0 0 ]
CSI_DATA,STA,C8:F0:9E:F2:A4:F5,-69,11,0,0,0,0,0,0,0,0,0,-95,0,6,1,25891948,0,110,0,0,26.1033,128,[110 96 6 0 0 0 0 0 0 0 0 0 -20 -12 -20 -15 -19 -16 -18 -18 -16 -19 -14 -21 -11 -21 -9 -21 -9 -20 -7 -18 -10 -18 -8 -17 -8 -17 -7 -15 -7 -14 -7 -13 -7 -12 -8 -10 -8 -9 -8 -8 -9 -7 -10 -5 -11 -4 -12 -2 -14 -1 -16 0 0 0 -19 1 -20 2 -22 3 -23 4 -24 3 -26 2 -27 2 -28 2 -28 2 -29 1 -30 3 -28 2 -30 2 -30 1 -29 1 -30 -1 -28 1 -27 1 -25 1 -24 1 -22 2 -21 4 -19 6 -19 8 -17 9 -17 11 0 0 0 0 0 0 0 0 0 0 ]
CSI_DATA,STA,C8:F0:9E:F2:A4:F5,-68,11,0,0,0,0,0,0,0,0,0,-95,0,6,1,25921592,0,110,0,0,26.133,128,[110 96 6 0 0 0 0 0 0 0 0 0 21 8 19 10 20 12 18 14 16 13 14 13 14 18 9 18 12 19 9 17 10 14 10 13 9 11 9 14 4 8 9 12 4 7 8 7 4 8 8 4 8 5 6 1 9 0 11 -1 11 -2 13 -2 0 0 16 -4 17 -4 18 -7 16 -6 13 -6 22 -6 22 -3 18 -1 34 -4 36 1 24 -6 26 -1 21 -4 25 -3 26 -5 24 -5 24 -6 22 -4 21 -5 20 -5 17 -5 18 -7 16 -9 14 -10 13 -11 12 -11 0 0 0 0 0 0 0 0 0 0 ]
CSI_DATA,STA,C8:F0:9E:F2:A4:F5,-78,11,1,2,1,1,1,0,0,0,0,-95,0,6,1,26095305,0,110,0,0,26.3066,384,[110 96 6 0 0 0 0 0 0 0 0 0 -6 8 -6 9 -9 9 -10 9 -11 8 -11 7 -12 6 -12 6 -12 6 -13 4 -13 5 -10 2 -9 4 -14 3 -10 0 -10 4 -12 3 -9 2 -10 0 -8 4 -8 0 -7 4 -5 3 -3 0 -5 1 -3 4 0 0 -1 6 0 6 3 7 -1 5 4 5 1 7 3 8 1 9 5 9 5 7 3 9 3 10 5 10 4 7 4 10 5 8 4 9 4 7 4 5 5 6 5 5 5 4 5 3 8 2 8 2 7 0 0 0 0 0 0 0 0 0 0 0 ]
CSI_DATA,STA,C8:F0:9E:F2:A4:F5,-72,11,0,0,0,0,0,0,0,0,0,-95,0,6,1,26140976,0,110,0,0,26.3524,128,[110 96 6 0 0 0 0 0 0 0 0 0 -20 -10 -15 -16 -18 -19 -18 -21 -16 -21 -14 -23 -13 -26 -18 -27 -16 -26 -24 -24 -11 -18 -7 -20 -10 -21 2 -21 -1 -19 -11 -20 -15 -22 -4 -24 -4 -25 2 -17 -7 -21 2 -7 -4 -9 2 -7 -4 -10 -7 -7 0 0 -8 3 -12 5 -8 9 -16 3 -16 17 -17 12 -26 7 -23 8 -19 7 -20 14 -30 15 -15 12 -23 9 -24 10 -24 10 -32 14 -25 10 -27 11 -16 19 -25 11 -18 17 -14 9 -15 20 -9 20 -10 20 -11 25 0 0 0 0 0 0 0 0 0 0 ]
CSI_DATA,STA,C8:F0:9E:F2:A4:F5,-72,11,0,0,0,0,0,0,0,0,0,-95,0,6,1,26182362,0,110,0,0,26.3935,128,[110 96 6 0 0 0 0 0 0 0 0 0 20 -6 23 -2 25 0 25 0 23 1 24 3 24 8 22 8 24 10 21 8 23 10 21 10 22 11 21 8 19 8 21 11 20 8 17 9 14 8 15 8 11 8 10 6 10 8 6 3 10 2 7 -2 0 0 4 -6 4 -8 4 -11 4 -11 5 -14 6 -17 4 -19 6 -19 4 -20 8 -20 8 -23 6 -22 7 -23 9 -23 6 -23 7 -25 7 -24 5 -24 5 -19 4 -20 2 -22 -1 -21 -2 -20 -4 -21 -9 -21 -9 -19 0 0 0 0 0 0 0 0 0 0 ]
CSI_DATA,STA,C8:F0:9E:F2:A4:F5,-76,11,1,2,1,1,1,0,0,0,0,-95,0,6,1,26193633,0,110,0,0,26.4045,384,[110 96 6 0 0 0 0 0 0 0 0 0 -5 10 -8 11 -10 10 -12 9 -11 10 -11 9 -12 8 -12 7 -10 5 -11 6 -14 5 -12 4 -11 4 -11 4 -11 5 -12 6 -10 2 -10 3 -10 4 -12 4 -8 3 -7 3 -6 3 -5 2 -6 4 -3 2 0 0 1 4 1 5 2 6 3 6 4 6 5 7 6 9 5 9 5 10 5 9 6 11 7 11 6 11 6 10 6 10 5 11 7 11 8 10 6 8 7 7 8 7 7 7 8 8 10 5 10 4 9 3 0 0 0 0 0 0 0 0 0 0 ]
CSI_DATA,STA,C8:F0:9E:F2:A4:F5,-77,11,1,2,1,1,1,0,0,0,0,-93,0,6,1,26216035,0,110,0,0,26.4273,384,[110 96 6 0 0 0 0 0 0 0 0 0 12 1 13 4 13 2 14 5 12 5 13 6 12 8 13 8 12 7 11 7 10 8 11 12 8 8 6 8 10 8 9 7 10 10 6 7 8 10 8 6 4 6 5 4 3 5 5 1 3 0 5 2 0 0 4 -1 4 -4 5 -5 5 -5 6 -7 6 -6 7 -8 7 -9 8 -9 8 -11 8 -11 8 -11 7 -10 8 -12 8 -9 8 -12 9 -9 7 -12 7 -12 5 -10 6 -11 2 -9 1 -9 1 -13 1 -11 -1 -13 0 0 0 0 0 0 0 0 0 0 ]
CSI_DATA,STA,C8:F0:9E:F2:A4:F5,-77,11,1,2,1,1,1,0,0,0,0,-93,0,6,1,26219767,0,110,0,0,26.4337,384,[110 96 6 0 0 0 0 0 0 0 0 0 11 6 11 11 10 10 9 9 8 13 8 9 4 14 6 12 5 12 3 12 3 14 6 12 4 11 5 11 5 11 3 12 2 11 2 11 2 8 3 9 3 9 2 6 2 6 1 4 1 3 3 1 0 0 5 0 4 -2 5 -2 8 -5 7 -5 9 -5 9 -6 11 -6 12 -7 12 -9 11 -8 10 -6 11 -7 11 -8 12 -9 12 -9 12 -9 11 -9 11 -9 9 -8 8 -9 6 -10 7 -9 6 -11 5 -13 5 -13 0 0 0 0 0 0 0 0 0 0 ]
CSI_DATA,STA,C8:F0:9E:F2:A4:F5,-76,11,1,2,1,1,1,0,0,0,0,-93,0,6,1,26401177,0,110,0,0,26.6125,384,[110 96 6 0 0 0 0 0 0 0 0 0 9 -2 10 -3 11 1 11 1 13 3 13 2 13 2 14 3 13 4 13 4 13 5 12 5 13 5 12 5 12 6 12 5 12 5 10 5 10 5 9 5 9 5 6 5 6 2 4 2 3 2 4 0 0 0 2 -2 2 -2 2 -5 2 -6 1 -6 2 -8 2 -10 2 -10 2 -11 1 -12 3 -12 1 -13 2 -14 3 -13 -1 -14 4 -13 0 -15 1 -13 1 -13 0 -12 0 -12 -2 -12 -1 -11 -3 -10 -3 -10 -4 -9 0 0 0 0 0 0 0 0 0 0 ]
CSI_DATA,STA,C8:F0:9E:F2:A4:F5,-76,11,1,2,1,1,1,0,0,0,0,-93,0,6,1,26405135,0,110,0,0,26.6187,384,[110 96 6 0 0 0 0 0 0 0 0 0 -7 7 -7 8 -8 10 -11 10 -12 9 -12 9 -13 7 -14 8 -14 6 -13 6 -15 7 -14 6 -14 6 -14 5 -15 5 -14 4 -13 5 -14 3 -14 3 -13 4 -11 2 -10 1 -10 2 -8 2 -8 2 -5 3 0 0 -3 4 -2 5 -1 5 0 3 0 6 2 6 3 10 3 10 3 8 4 9 5 11 5 12 5 11 5 12 4 12 5 12 5 13 4 12 0 9 6 13 7 9 5 9 7 8 7 8 6 7 7 6 0 0 0 0 0 0 0 0 0 0 ]
CSI_DATA,STA,C8:F0:9E:F2:A4:F5,-76,11,1,2,1,1,1,0,0,0,0,-93,0,6,1,26419135,0,110,0,0,26.6302,384,[110 96 6 0 0 0 0 0 0 0 0 0 -7 5 -9 9 -8 8 -11 7 -11 8 -12 6 -10 6 -12 11 -15 6 -14 5 -13 5 -15 5 -16 5 -14 3 -15 4 -14 5 -14 5 -14 2 -12 2 -11 2 -9 4 -10 3 -8 1 -8 1 -5 2 -6 1 0 0 -1 2 -1 4 -1 4 2 4 3 5 3 5 3 7 5 8 6 7 7 8 7 8 7 8 7 10 7 9 8 8 7 9 7 10 9 9 8 8 8 7 7 7 7 6 9 6 7 2 9 1 9 2 0 0 0 0 0 0 0 0 0 0 ]
CSI_DATA,STA,C8:F0:9E:F2:A4:F5,-71,11,0,0,0,0,0,0,0,0,0,-93,0,6,1,26456935,0,110,0,0,26.6682,128,[110 96 6 0 0 0 0 0 0 0 0 0 17 -7 21 -5 26 -5 23 -9 24 -3 29 -5 30 -1 27 -4 29 -1 27 1 30 2 29 2 30 2 29 3 25 4 28 2 29 2 24 3 24 5 24 5 22 4 20 4 15 6 14 3 12 1 11 -1 0 0 5 -4 4 -5 3 -7 3 -10 0 -13 0 -15 -1 -16 -3 -18 -3 -19 -1 -20 -2 -23 -3 -22 -3 -22 -3 -25 -3 -25 -3 -27 -3 -24 -4 -23 -3 -23 -5 -21 -5 -21 -6 -20 -7 -17 -9 -17 -11 -16 -11 -15 0 0 0 0 0 0 0 0 0 0 ]
CSI_DATA,STA,C8:F0:9E:F2:A4:F5,-78,11,1,4,1,1,1,0,0,0,0,-93,0,6,1,26490193,0,110,0,0,26.7011,384,[110 96 6 0 0 0 0 0 0 0 0 0 -8 -6 -9 -6 -10 -7 -14 -6 -12 -8 -12 -9 -12 -9 -10 -11 -13 -11 -12 -11 -11 -12 -13 -14 -12 -11 -11 -11 -10 -13 -11 -12 -9 -13 -8 -10 -9 -12 -6 -10 -7 -10 -4 -10 -4 -8 -5 -7 -6 -4 -1 -3 0 0 -4 -3 -4 1 -4 1 -5 2 -5 2 -6 5 -5 6 -7 6 -6 7 -6 7 -7 10 -7 9 -7 9 -8 9 -8 9 -7 8 -6 9 -9 8 -7 9 -7 8 -6 9 -5 8 -3 8 -2 10 0 9 -3 9 0 0 0 0 0 0 0 0 0 0 ]
CSI_DATA,STA,C8:F0:9E:F2:A4:F5,-77,11,1,2,1,1,1,0,0,0,0,-94,0,6,1,26653279,0,110,0,0,26.8646,384,[110 96 6 0 0 0 0 0 0 0 0 0 3 -9 2 -7 3 -8 4 -8 7 -12 5 -12 8 -11 6 -10 9 -9 8 -9 9 -8 7 -8 10 -7 9 -8 8 -8 8 -6 7 -6 7 -6 10 -7 10 -4 9 -6 8 -5 10 -2 4 -4 8 -2 3 -3 0 0 4 -4 -2 -6 0 -6 -5 -1 -1 -3 -2 -6 -5 -5 -3 -9 -2 -6 -4 -4 -7 -6 -9 -5 -5 -9 -7 -7 -5 -8 -6 -7 -7 -11 -9 -5 -9 -4 -7 -5 -6 -3 -6 -4 -6 -3 -7 -3 -7 -1 -7 0 0 0 0 0 0 0 0 0 0 0 ]
CSI_DATA,STA,C8:F0:9E:F2:A4:F5,-78,11,1,4,1,1,1,0,0,0,0,-94,0,6,1,26665144,0,110,0,0,26.876,384,[110 96 6 0 0 0 0 0 0 0 0 0 7 -5 7 -4 11 -5 12 -5 11 -4 14 -3 14 -2 14 -2 13 -1 15 0 15 -1 15 0 14 1 13 1 13 2 13 1 12 2 11 0 11 1 11 2 11 0 9 1 8 3 9 -2 7 1 6 0 0 0 3 -2 4 -5 2 -4 2 -3 1 -6 -1 -8 2 -8 -1 -9 1 -10 -1 -10 0 -12 0 -12 0 -12 0 -13 -1 -13 -2 -13 -1 -14 -2 -12 -2 -11 -2 -11 -3 -10 -3 -9 -4 -8 -5 -6 -7 -6 -7 -6 0 0 0 0 0 0 0 0 0 0 ]
CSI_DATA,STA,C8:F0:9E:F2:A4:F5,-70,11,0,0,0,0,0,0,0,0,0,-94,0,6,1,26717241,0,110,0,0,26.9286,128,[110 96 6 0 0 0 0 0 0 0 0 0 -15 25 -20 25 -22 24 -29 21 -27 22 -32 18 -32 16 -35 13 -33 9 -34 11 -36 12 -32 6 -35 12 -35 5 -38 -3 -37 7 -28 3 -31 -3 -31 0 -36 9 -19 5 -28 6 -26 8 -24 6 -12 15 -21 7 0 0 -4 8 -8 10 -12 21 -2 23 -6 23 -2 22 -8 28 -1 30 -3 29 -3 36 -3 34 0 41 0 36 -10 36 -10 40 -6 39 -6 36 -6 33 -5 35 -4 26 -2 30 -2 28 2 26 6 27 8 21 11 23 0 0 0 0 0 0 0 0 0 0 ]
CSI_DATA,STA,C8:F0:9E:F2:A4:F5,-77,11,1,2,1,1,1,0,0,0,0,-94,0,6,1,26729055,0,110,0,0,26.9401,384,[110 96 6 0 0 0 0 0 0 0 0 0 -5 -9 -3 -10 -4 -11 -2 -12 -1 -12 -1 -14 0 -12 1 -12 2 -13 3 -11 4 -14 4 -11 4 -10 3 -11 4 -10 4 -12 3 -9 5 -9 3 -7 3 -8 3 -7 2 -6 1 -7 1 -7 1 -6 0 -4 0 0 -3 -4 -4 -5 -5 -5 -6 -4 -6 -5 -7 -5 -8 -5 -9 -5 -9 -5 -10 -6 -10 -5 -10 -7 -11 -8 -11 -7 -12 -5 -11 -10 -9 -10 -14 -7 -10 -5 -10 -3 -9 -4 -8 -3 -9 -4 -10 -3 -11 -1 -10 1 0 0 0 0 0 0 0 0 0 0 ]
CSI_DATA,STA,C8:F0:9E:F2:A4:F5,-75,11,1,2,1,1,1,0,0,0,0,-94,0,6,1,26740174,0,110,0,0,26.9511,384,[110 96 6 0 0 0 0 0 0 0 0 0 8 4 9 2 9 5 9 7 8 8 8 10 6 10 8 10 6 11 4 10 5 12 4 10 2 11 2 9 2 10 3 10 3 9 2 8 2 8 2 9 1 6 1 6 3 5 3 5 2 4 4 3 0 0 5 1 6 2 7 0 6 0 8 0 10 0 11 -1 10 -1 11 -1 10 0 12 -2 12 0 13 1 12 0 12 -1 13 -1 12 0 12 -1 11 0 10 -2 10 -3 9 -2 9 -2 9 -4 7 -4 8 -6 0 0 0 0 0 0 0 0 0 0 ]
CSI_DATA,STA,C8:F0:9E:F2:A4:F5,-76,11,1,2,1,1,1,0,0,0,0,-94,0,6,1,26757965,0,110,0,0,26.969,384,[110 96 6 0 0 0 0 0 0 0 0 0 7 4 8 5 7 7 8 7 6 8 5 9 4 10 3 10 3 11 3 9 1 11 3 9 1 9 1 9 1 7 1 9 1 8 2 6 1 8 0 7 0 6 2 5 2 4 1 4 2 4 3 3 0 0 4 1 5 1 5 0 7 0 8 1 7 -1 9 -1 9 0 9 0 11 -4 6 -2 10 -1 12 -1 11 -1 11 -2 10 -3 12 -2 10 -4 10 -1 9 -2 9 -3 8 -3 8 -4 7 -5 5 -6 7 -6 0 0 0 0 0 0 0 0 0 0 ]
CSI_DATA,STA,C8:F0:9E:F2:A4:F5,-72,11,0,0,0,0,0,0,0,0,0,-94,0,6,1,26766112,0,110,0,0,26.9773,128,[110 96 6 0 0 0 0 0 0 0 0 0 19 53 19 62 4 60 4 79 -5 72 -7 75 -8 80 -15 77 -27 71 -20 64 -27 75 -33 68 -26 75 -24 63 -29 61 -29 55 -31 60 -18 49 -22 45 -23 46 -13 52 -14 38 -9 38 5 30 10 33 8 33 0 0 29 27 25 24 39 22 46 18 49 14 58 11 60 36 48 19 76 -1 66 -42 77 11 76 25 76 26 78 26 71 27 85 26 74 22 78 21 69 13 66 5 58 12 57 2 57 2 63 -6 45 -17 54 -18 0 0 0 0 0 0 0 0 0 0 ]
CSI_DATA,STA,C8:F0:9E:F2:A4:F5,-74,11,1,2,1,1,1,0,0,0,0,-94,0,6,1,26769968,0,110,0,0,26.9838,384,[110 96 6 0 0 0 0 0 0 0 0 0 3 8 -1 6 0 10 -5 10 -7 10 -5 13 -4 10 -7 10 -9 9 -4 8 -9 7 -7 6 -7 9 -7 4 -5 6 -3 9 -2 3 -4 6 -8 4 -7 1 -5 6 1 2 -4 6 -1 3 -4 7 3 4 0 0 4 2 4 6 4 2 5 3 6 6 5 5 9 4 11 6 10 6 8 5 9 4 10 6 10 7 9 6 10 6 12 3 11 6 9 5 11 3 8 5 10 3 8 2 7 0 8 0 8 -1 5 -2 0 0 0 0 0 0 0 0 0 0 ]
CSI_DATA,STA,C8:F0:9E:F2:A4:F5,-75,11,1,2,1,1,1,0,0,0,0,-94,0,6,1,26795000,0,110,0,0,27.0062,384,[110 96 6 0 0 0 0 0 0 0 0 0 -10 7 -12 7 -14 6 -15 6 -15 4 -16 4 -16 3 -16 2 -16 1 -16 1 -15 0 -16 -2 -15 -2 -14 -2 -16 -1 -13 -2 -12 0 -11 0 -11 -1 -9 -1 -10 0 -8 0 -7 0 -6 0 -4 2 -4 3 0 0 -2 4 -2 6 0 7 0 8 0 10 1 11 1 10 2 12 4 12 3 11 1 14 2 14 2 15 3 15 3 14 3 15 3 15 3 14 4 12 4 12 5 11 5 10 6 10 6 8 6 8 8 7 0 0 0 0 0 0 0 0 0 0 ]
CSI_DATA,STA,C8:F0:9E:F2:A4:F5,-74,11,1,2,1,1,1,0,0,0,0,-94,0,6,1,26815785,0,110,0,0,27.0268,384,[110 96 6 0 0 0 0 0 0 0 0 0 1 -13 2 -14 4 -14 5 -14 7 -15 7 -15 8 -15 8 -15 10 -15 10 -13 11 -14 10 -12 11 -12 11 -11 9 -9 9 -10 9 -8 7 -8 6 -8 6 -7 7 -8 4 -5 3 -5 4 -4 4 -7 0 -6 0 0 -3 -7 -4 -5 -4 -6 -5 -5 -9 -5 -7 -5 -10 -7 -8 -6 -10 -6 -12 -6 -12 -6 -13 -7 -12 -9 -13 -7 -14 -7 -13 -6 -13 -7 -12 -6 -13 -6 -12 -5 -12 -4 -10 -3 -10 -2 -11 0 -11 0 -9 2 0 0 0 0 0 0 0 0 0 0 ]
CSI_DATA,STA,C8:F0:9E:F2:A4:F5,-75,11,1,2,1,1,1,0,0,0,0,-94,0,6,1,26819511,0,110,0,0,27.0333,384,[110 96 6 0 0 0 0 0 0 0 0 0 -4 -13 -4 -14 -4 -15 -3 -16 -3 -17 -2 -17 0 -18 -1 -16 1 -18 2 -16 2 -17 2 -16 2 -16 2 -15 3 -12 2 -13 1 -13 2 -12 2 -11 1 -11 4 -10 1 -9 3 -8 1 -7 -2 -2 -3 -7 0 0 -6 -5 -7 -3 -5 -3 -8 0 -7 -1 -9 -2 -9 -1 -11 1 -13 1 -13 0 -14 -1 -12 1 -13 -1 -13 2 -13 0 -14 1 -15 1 -14 1 -13 1 -12 2 -12 2 -11 2 -11 3 -9 5 -8 6 -7 7 0 0 0 0 0 0 0 0 0 0 ]
CSI_DATA,STA,C8:F0:9E:F2:A4:F5,-75,11,1,2,1,1,1,0,0,0,0,-94,0,6,1,26860452,0,110,0,0,27.0715,384,[110 96 6 0 0 0 0 0 0 0 0 0 11 6 10 7 9 9 9 10 8 11 8 12 8 13 7 12 5 12 4 12 4 13 4 13 3 12 2 13 0 11 1 13 0 10 4 11 1 10 -2 10 2 9 1 7 2 5 2 8 5 7 3 3 0 0 4 5 4 5 5 6 9 4 7 2 7 4 11 2 9 3 8 2 10 3 10 3 9 1 13 3 11 2 10 3 14 4 13 3 12 2 13 3 12 1 10 1 10 2 11 0 9 1 11 -3 10 -4 0 0 0 0 0 0 0 0 0 0 ]
CSI_DATA,STA,C8:F0:9E:F2:A4:F5,-76,11,1,4,1,1,1,0,0,0,0,-94,0,6,1,26884901,0,110,0,0,27.096,384,[110 96 6 0 0 0 0 0 0 0 0 0 -4 -14 -2 -15 -2 -14 1 -16 1 -17 2 -16 1 -15 4 -14 4 -16 6 -15 6 -14 7 -14 6 -14 7 -13 6 -12 6 -10 6 -10 7 -11 5 -10 6 -9 3 -10 3 -7 1 -8 2 -8 0 -8 0 -7 0 0 -1 -7 -4 -8 -3 -8 -4 -9 -6 -9 -7 -9 -6 -10 -8 -10 -7 -12 -8 -11 -10 -11 -8 -12 -9 -12 -10 -12 -10 -12 -10 -12 -10 -12 -11 -12 -10 -12 -11 -10 -11 -9 -11 -10 -11 -10 -12 -8 -12 -8 -13 -7 0 0 0 0 0 0 0 0 0 0 ]
CSI_DATA,STA,C8:F0:9E:F2:A4:F5,-75,11,1,2,1,1,1,0,0,0,0,-94,0,6,1,26936763,0,110,0,0,27.1481,384,[110 96 6 0 0 0 0 0 0 0 0 0 -10 5 -11 5 -14 5 -15 4 -15 4 -16 2 -18 1 -17 1 -15 0 -16 -1 -18 -2 -18 -1 -15 -1 -15 -3 -14 -3 -14 -2 -16 -3 -14 -3 -11 -4 -12 -3 -10 -1 -10 0 -11 -3 -9 1 -9 -2 -10 -1 0 0 -6 0 -8 5 -6 3 -3 3 -2 6 -4 6 -3 7 -5 7 -3 11 -4 10 -4 13 -1 11 -2 12 -2 12 -1 11 -1 13 -2 12 -1 12 -1 12 0 12 0 12 1 12 1 10 2 10 3 10 4 9 0 0 0 0 0 0 0 0 0 0 ]
CSI_DATA,STA,C8:F0:9E:F2:A4:F5,-70,11,0,0,0,0,0,0,0,0,0,-94,0,6,1,26998235,0,110,0,0,27.2095,128,[110 96 6 0 0 0 0 0 0 0 0 0 1 -20 2 -24 3 -25 6 -26 8 -27 12 -25 10 -24 14 -25 14 -25 14 -22 17 -25 16 -23 16 -22 17 -21 13 -17 12 -19 15 -18 12 -17 13 -16 11 -13 10 -13 9 -14 7 -11 5 -12 4 -10 3 -11 0 0 -1 -10 -4 -9 -5 -9 -7 -9 -10 -10 -10 -12 -9 -6 -14 -13 -13 -13 -18 -11 -18 -9 -18 -12 -22 -9 -26 -11 -20 -13 -27 -8 -24 -14 -22 -10 -22 -9 -20 -9 -20 -10 -20 -9 -17 -5 -22 -6 -23 -2 -22 0 0 0 0 0 0 0 0 0 0 0 ]
CSI_DATA,STA,C8:F0:9E:F2:A4:F5,-78,11,1,2,1,1,1,0,0,0,0,-94,0,6,1,27019334,0,110,0,0,27.2305,384,[110 96 6 0 0 0 0 0 0 0 0 0 -22 26 -22 25 -36 21 -36 22 -37 21 -35 25 -40 18 -39 22 -45 25 -36 13 -41 8 -45 10 -41 1 -35 10 -35 3 -43 24 -40 4 -35 7 -27 12 -34 14 -25 11 -23 -5 -13 -1 -29 24 -12 17 -25 20 0 0 -12 19 4 27 -1 23 14 20 2 17 9 24 15 25 15 19 5 26 12 18 24 29 19 25 24 19 23 21 31 29 27 27 18 28 29 23 28 27 24 16 31 26 26 20 23 14 19 17 24 8 19 16 0 0 0 0 0 0 0 0 0 0 ]
CSI_DATA,STA,C8:F0:9E:F2:A4:F5,-75,11,1,2,1,1,1,0,0,0,0,-94,0,6,1,27042037,0,110,0,0,27.2532,384,[110 96 6 0 0 0 0 0 0 0 0 0 13 -1 14 -1 15 0 15 2 15 3 17 6 16 7 16 8 15 9 14 9 14 10 15 9 12 9 13 11 11 10 10 9 11 9 9 7 9 7 9 4 7 2 8 6 5 3 14 2 5 1 5 0 0 0 7 -1 3 -1 4 -2 5 -4 5 -7 6 -7 6 -9 6 -9 6 -11 7 -10 6 -14 6 -13 9 -14 7 -15 7 -15 8 -13 8 -14 8 -15 7 -12 7 -13 10 -11 7 -16 3 -13 1 -10 3 -10 3 -11 0 0 0 0 0 0 0 0 0 0 ]
CSI_DATA,STA,C8:F0:9E:F2:A4:F5,-70,11,0,0,0,0,0,0,0,0,0,-94,0,6,1,27109701,0,110,0,0,27.3208,128,[110 96 6 0 0 0 0 0 0 0 0 0 12 -17 15 -17 16 -17 18 -18 19 -17 21 -16 22 -15 23 -13 23 -15 24 -11 25 -12 23 -10 23 -9 21 -9 20 -9 20 -9 18 -9 17 -9 16 -7 15 -8 13 -8 13 -8 10 -7 8 -8 7 -9 5 -8 0 0 1 -8 -1 -10 -2 -10 -6 -9 -5 -11 -8 -12 -9 -13 -12 -13 -13 -13 -14 -15 -15 -16 -15 -16 -16 -17 -16 -17 -17 -17 -18 -18 -17 -19 -16 -18 -15 -16 -16 -15 -15 -15 -16 -13 -15 -12 -15 -12 -15 -9 -14 -7 0 0 0 0 0 0 0 0 0 0 ]
CSI_DATA,STA,C8:F0:9E:F2:A4:F5,-71,11,0,0,0,0,0,0,0,0,0,-94,0,6,1,27121881,0,110,0,0,27.333,128,[110 96 6 0 0 0 0 0 0 0 0 0 -22 58 -26 50 -30 62 -44 63 -41 62 -43 57 -52 64 -48 59 -55 64 -47 55 -53 50 -51 45 -47 45 -51 56 -39 36 -40 48 -51 49 -42 29 -22 39 -45 41 -34 29 -26 15 -23 57 -30 26 -33 39 -22 27 0 0 22 27 2 16 35 19 36 23 50 26 41 35 34 19 30 14 54 14 60 7 52 29 58 19 70 21 80 5 54 22 74 18 71 14 72 16 68 10 67 6 63 9 58 4 56 5 56 -4 47 -8 49 -13 0 0 0 0 0 0 0 0 0 0 ]
CSI_DATA,STA,C8:F0:9E:F2:A4:F5,-71,11,0,0,0,0,0,0,0,0,0,-94,0,6,1,27141910,0,110,0,0,27.3531,128,[110 96 6 0 0 0 0 0 0 0 0 0 -13 5 -14 4 -18 5 -18 4 -19 2 -20 0 -19 1 -20 -1 -19 -2 -19 -3 -19 -3 -19 -3 -17 -3 -17 -4 -15 -5 -16 -1 -15 -2 -16 -3 -13 -5 -14 -2 -12 -3 -13 -3 -10 0 -8 -1 -10 2 -5 3 0 0 -5 4 -4 8 -3 6 -3 7 0 9 -1 8 0 11 1 10 0 12 -1 15 0 15 -1 15 2 16 0 17 -1 16 1 18 1 17 0 17 1 17 0 16 1 15 1 14 2 13 2 12 2 11 4 10 0 0 0 0 0 0 0 0 0 0 ]
CSI_DATA,STA,C8:F0:9E:F2:A4:F5,-75,11,0,0,0,0,0,0,0,0,0,-94,0,6,1,27270993,0,110,0,0,27.4822,128,[110 96 6 0 0 0 0 0 0 0 0 0 31 -26 64 -43 63 -21 74 -14 59 -27 65 -30 76 -28 83 -28 99 -17 78 -17 95 -20 86 -3 87 -2 78 -20 77 -26 109 2 85 4 68 -12 71 -6 52 1 47 -20 85 0 61 -13 50 -30 44 -38 55 -25 0 0 17 -34 31 -51 19 -63 6 -62 -10 -60 1 -64 3 -61 -21 -47 -14 -72 -22 -66 -19 -91 -32 -71 -24 -94 -28 -97 -19 -83 -25 -105 -27 -95 -22 -93 -25 -86 -26 -86 -23 -82 -23 -77 -25 -72 -25 -80 -37 -63 -30 -58 0 0 0 0 0 0 0 0 0 0 ]
CSI_DATA,STA,C8:F0:9E:F2:A4:F5,-70,11,0,0,0,0,0,0,0,0,0,-94,0,6,1,27317403,0,110,0,0,27.5285,128,[110 96 6 0 0 0 0 0 0 0 0 0 18 13 17 16 18 17 19 19 16 20 16 22 16 23 12 25 12 25 13 25 10 26 10 27 10 25 8 25 8 24 9 24 5 23 7 20 5 21 6 20 6 18 5 17 4 17 2 14 8 13 6 12 0 0 7 6 9 4 10 1 11 1 12 0 13 -2 14 -3 14 -4 16 -6 15 -6 19 -6 18 -7 18 -8 19 -8 20 -8 21 -9 20 -9 18 -9 22 -12 16 -25 19 -7 15 -10 15 -10 13 -12 12 -12 8 -11 0 0 0 0 0 0 0 0 0 0 ]
CSI_DATA,STA,C8:F0:9E:F2:A4:F5,-72,11,0,0,0,0,0,0,0,0,0,-94,0,6,1,27323902,0,110,0,0,27.5351,128,[110 96 6 0 0 0 0 0 0 0 0 0 48 1 62 5 74 9 85 26 79 15 76 42 63 43 67 42 73 53 55 43 70 59 50 56 57 57 51 49 57 54 63 45 46 44 47 25 40 26 42 40 27 43 43 29 23 22 47 7 32 29 46 19 0 0 34 -4 28 -9 38 -30 23 -31 32 -21 31 -29 29 -43 15 -48 41 -39 44 -14 34 -50 38 -50 28 -62 34 -62 43 -53 36 -62 20 -51 28 -57 28 -53 25 -55 22 -63 21 -51 11 -53 13 -47 4 -57 -1 -55 0 0 0 0 0 0 0 0 0 0 ]
CSI_DATA,STA,C8:F0:9E:F2:A4:F5,-70,11,0,0,0,0,0,0,0,0,0,-94,0,6,1,27374039,0,110,0,0,27.5854,128,[110 96 6 0 0 0 0 0 0 0 0 0 19 3 19 3 24 6 22 8 23 9 21 12 24 14 19 11 20 13 18 18 18 18 17 18 16 18 15 16 12 16 15 14 10 15 10 14 7 16 11 13 11 11 8 10 7 10 8 4 7 10 10 1 0 0 11 1 11 1 14 -7 17 -8 16 -7 14 -8 16 -9 19 -8 18 -10 17 -9 20 -8 20 -9 20 -10 20 -10 19 -11 20 -11 22 -12 19 -11 20 -11 18 -12 17 -12 15 -13 15 -14 14 -16 13 -17 12 -17 0 0 0 0 0 0 0 0 0 0 ]
CSI_DATA,STA,C8:F0:9E:F2:A4:F5,-74,11,0,0,0,0,0,0,0,0,0,-94,0,6,1,27447093,0,110,0,0,27.6585,128,[110 96 6 0 0 0 0 0 0 0 0 0 -19 52 -24 60 -37 62 -57 78 -48 64 -48 66 -67 72 -60 60 -76 60 -67 52 -75 63 -74 51 -82 42 -68 49 -66 45 -72 48 -72 38 -46 30 -53 37 -49 30 -49 22 -41 38 -40 26 -29 28 -31 44 -11 34 0 0 3 33 6 27 13 35 24 56 42 44 34 42 31 58 38 49 48 60 41 46 52 69 59 56 57 68 53 72 50 67 60 85 50 72 55 67 49 62 52 60 43 57 63 36 54 39 45 47 44 25 46 32 0 0 0 0 0 0 0 0 0 0 ]
CSI_DATA,STA,C8:F0:9E:F2:A4:F5,-79,11,1,2,1,1,1,0,0,0,0,-94,0,6,1,27458196,0,110,0,0,27.6691,384,[110 96 6 0 0 0 0 0 0 0 0 0 -25 20 -23 28 -26 21 -39 20 -39 17 -37 25 -39 9 -40 16 -44 7 -39 5 -46 1 -34 -2 -44 1 -33 8 -36 1 -43 2 -34 -5 -23 -7 -19 -9 -25 5 -15 -4 -28 -6 -1 -9 -25 13 -12 10 -7 16 0 0 -10 21 -3 10 -13 15 11 21 9 23 6 22 12 30 18 26 21 38 26 16 25 28 19 32 19 33 24 29 20 37 28 31 10 33 27 24 22 31 22 19 25 24 25 24 22 20 18 24 23 8 18 9 0 0 0 0 0 0 0 0 0 0 ]
CSI_DATA,STA,C8:F0:9E:F2:A4:F5,-76,11,1,2,1,1,1,0,0,0,0,-94,0,6,1,27511367,0,110,0,0,27.7224,384,[110 96 6 0 0 0 0 0 0 0 0 0 10 3 10 6 11 8 9 9 10 8 9 11 7 11 8 11 7 12 6 13 9 12 7 11 7 12 6 10 5 10 5 10 7 11 3 10 4 7 1 8 3 8 2 6 2 5 4 5 1 2 5 3 0 0 3 0 3 -1 5 -4 6 -2 7 -5 8 -5 7 -6 8 -6 10 -6 9 -7 11 -7 9 -8 10 -7 9 -9 8 -8 10 -10 9 -9 7 -10 7 -6 6 -8 7 -8 5 -7 2 -8 1 -8 0 -7 -1 -8 0 0 0 0 0 0 0 0 0 0 ]
CSI_DATA,STA,C8:F0:9E:F2:A4:F5,-75,11,1,2,1,1,1,0,0,0,0,-94,0,6,1,27655199,0,110,0,0,27.8665,384,[110 96 6 0 0 0 0 0 0 0 0 0 -20 9 -22 8 -24 7 -24 9 -28 5 -28 6 -29 3 -27 -1 -29 3 -27 -1 -28 0 -25 0 -28 5 -25 -1 -22 0 -27 -2 -20 1 -22 1 -20 4 -17 -1 -19 -3 -10 2 -11 2 -13 -2 -7 1 -9 1 0 0 -8 5 3 10 2 7 -4 10 6 9 -1 12 5 10 6 9 1 12 3 12 9 13 9 17 9 16 8 16 9 19 8 17 6 18 10 16 8 16 8 15 11 14 7 12 9 9 11 7 4 5 14 -1 0 0 0 0 0 0 0 0 0 0 ]
CSI_DATA,STA,C8:F0:9E:F2:A4:F5,-71,11,0,0,0,0,0,0,0,0,0,-94,0,6,1,27676057,0,110,0,0,27.8872,128,[110 96 6 0 0 0 0 0 0 0 0 0 -6 -12 -3 -17 -8 -21 -7 -22 -4 -24 -2 -26 0 -24 -1 -25 2 -24 1 -22 1 -24 2 -23 3 -22 2 -22 3 -23 1 -20 3 -19 1 -19 2 -19 -4 -8 2 -16 0 -18 2 -12 1 -11 -4 -10 2 -9 0 0 -2 -7 -2 -4 -8 -3 -8 -3 -9 -3 -13 -1 -12 -1 -15 0 -14 0 -16 1 -20 0 -17 0 -18 2 -19 1 -19 1 -21 1 -20 1 -20 1 -19 2 -18 2 -16 2 -16 3 -14 4 -14 5 -13 6 -12 8 0 0 0 0 0 0 0 0 0 0 ]
CSI_DATA,STA,C8:F0:9E:F2:A4:F5,-72,11,0,0,0,0,0,0,0,0,0,-94,0,6,1,27786978,0,110,0,0,27.9984,128,[110 96 6 0 0 0 0 0 0 0 0 0 -35 43 -42 41 -59 52 -69 39 -64 36 -80 26 -84 39 -76 28 -82 26 -77 23 -79 28 -74 27 -91 24 -68 22 -61 19 -72 -15 -74 13 -58 22 -42 32 -64 18 -67 9 -31 -11 -44 4 -37 17 -20 9 -27 11 0 0 0 11 -5 24 -1 24 31 31 -16 40 19 31 21 29 30 56 33 47 36 34 57 42 34 36 39 44 47 41 39 44 44 45 46 41 42 42 44 42 44 40 40 38 67 33 38 27 55 21 49 12 49 4 0 0 0 0 0 0 0 0 0 0 ]
CSI_DATA,STA,C8:F0:9E:F2:A4:F5,-72,11,0,0,0,0,0,0,0,0,0,-94,0,6,1,27819700,0,110,0,0,28.0308,128,[110 96 6 0 0 0 0 0 0 0 0 0 -49 -27 -48 -35 -58 -52 -59 -62 -57 -58 -47 -60 -42 -75 -54 -75 -51 -65 -38 -76 -28 -73 -35 -62 -38 -73 -24 -72 -29 -65 -46 -66 -29 -48 -43 -42 -20 -51 -27 -54 -37 -56 -24 -45 -11 -46 -2 -24 -22 -16 -19 -20 0 0 -13 4 -16 3 -35 4 -18 23 -32 18 -10 27 -22 49 -32 36 -37 51 -11 18 -21 50 -30 44 -32 42 -23 51 -30 56 -21 62 -23 56 -23 60 -27 51 -13 54 -19 51 -8 49 -4 49 11 52 1 50 22 33 0 0 0 0 0 0 0 0 0 0 ]
CSI_DATA,STA,C8:F0:9E:F2:A4:F5,-75,11,1,2,1,1,1,0,0,0,0,-94,0,6,1,27830623,0,110,0,0,28.0416,384,[110 96 6 0 0 0 0 0 0 0 0 0 4 -13 4 -14 6 -14 8 -14 8 -14 10 -15 10 -14 11 -14 11 -12 13 -11 12 -12 12 -12 12 -11 12 -10 13 -10 11 -11 10 -10 9 -10 11 -9 10 -8 9 -7 8 -6 7 -6 5 -6 5 -5 2 -6 0 0 0 -5 -1 -5 -3 -6 -4 -6 -5 -6 -6 -7 -8 -8 -10 -7 -8 -7 -9 -8 -11 -8 -10 -8 -11 -9 -11 -8 -12 -8 -14 -8 -11 -8 -13 -7 -11 -8 -12 -6 -12 -6 -12 -5 -12 -4 -11 -3 -11 -2 -12 -1 0 0 0 0 0 0 0 0 0 0 ]
CSI_DATA,STA,C8:F0:9E:F2:A4:F5,-71,11,0,0,0,0,0,0,0,0,0,-94,0,6,1,27933684,0,110,0,0,28.1451,128,[110 96 6 0 0 0 0 0 0 0 0 0 -17 9 -20 9 -22 7 -26 8 -26 5 -28 2 -28 3 -27 2 -29 2 -27 -2 -27 -4 -28 -4 -27 1 -24 0 -25 -4 -28 -3 -24 -1 -24 -3 -25 -2 -24 0 -22 -3 -21 -1 -17 0 -12 -1 -14 2 -11 -1 0 0 -7 7 -4 6 -2 8 -5 11 1 11 -1 13 1 12 2 15 5 18 2 19 2 20 0 19 5 19 5 21 6 20 4 22 6 23 5 19 6 20 5 18 5 17 7 15 8 13 9 13 11 12 13 10 0 0 0 0 0 0 0 0 0 0 ]
CSI_DATA,STA,C8:F0:9E:F2:A4:F5,-72,11,0,0,0,0,0,0,0,0,0,-94,0,6,1,28025224,0,110,0,0,28.2367,128,[110 96 6 0 0 0 0 0 0 0 0 0 -21 23 -27 33 -26 27 -37 30 -40 30 -40 23 -49 30 -40 24 -47 14 -49 19 -43 15 -38 20 -39 17 -44 11 -27 18 -40 20 -38 24 -34 21 -42 10 -40 20 -42 12 -20 -1 -35 12 -8 7 -13 35 -14 14 0 0 3 23 -5 4 -2 16 8 9 17 13 30 27 24 32 24 24 40 23 35 21 29 18 30 17 36 19 33 20 33 23 37 26 35 16 32 16 35 12 33 12 33 9 33 6 29 1 29 -4 29 -12 32 -9 0 0 0 0 0 0 0 0 0 0 ]
CSI_DATA,STA,C8:F0:9E:F2:A4:F5,-71,11,0,0,0,0,0,0,0,0,0,-94,0,6,1,28066962,0,110,0,0,28.2783,128,[110 96 6 0 0 0 0 0 0 0 0 0 -50 -42 -80 -59 -56 -64 -42 -53 -44 -49 -43 -55 -41 -73 -30 -64 -38 -68 -22 -58 -30 -66 -30 -60 -14 -65 -22 -45 -28 -59 -19 -55 -22 -58 -14 -49 -24 -34 -29 -48 -11 -54 -31 -57 -8 -35 -19 -31 -30 -18 -16 -23 0 0 -27 -2 -22 -4 -28 23 -34 14 -34 14 -33 43 -33 37 -30 31 -32 35 -50 41 -51 43 -42 55 -29 45 -36 51 -42 47 -45 46 -30 49 -27 51 -35 44 -17 48 -20 46 -16 47 -13 45 -5 47 -4 41 -2 35 0 0 0 0 0 0 0 0 0 0 ]
CSI_DATA,STA,C8:F0:9E:F2:A4:F5,-72,11,0,0,0,0,0,0,0,0,0,-94,0,6,1,28094781,0,110,0,0,28.3059,128,[110 96 6 0 0 0 0 0 0 0 0 0 -40 28 -53 33 -53 32 -60 27 -66 16 -67 11 -64 10 -71 9 -75 5 -67 3 -70 0 -69 5 -62 -3 -64 6 -75 18 -73 0 -50 -6 -74 -8 -51 -1 -72 8 -40 -2 -40 3 -46 -12 -39 -1 -36 7 -33 1 0 0 -12 17 -24 31 10 23 -13 44 4 50 7 53 21 46 11 45 -11 68 22 40 1 62 17 58 5 56 1 61 7 58 4 69 6 59 11 58 4 54 15 46 14 49 17 41 16 43 19 38 23 32 28 32 0 0 0 0 0 0 0 0 0 0 ]
CSI_DATA,STA,C8:F0:9E:F2:A4:F5,-71,11,0,0,0,0,0,0,0,0,0,-94,0,6,1,28130713,0,110,0,0,28.3417,128,[110 96 6 0 0 0 0 0 0 0 0 0 29 34 27 38 34 50 27 51 26 57 23 60 29 69 16 59 13 65 16 58 5 61 21 51 1 57 0 63 -4 48 -2 64 4 55 3 55 -5 41 -9 42 -2 41 8 40 -1 50 2 31 -7 22 8 31 0 0 26 11 19 7 26 3 36 9 22 -12 19 -9 31 -10 33 -8 49 -9 44 -25 49 -26 35 -8 44 -22 45 -6 45 -22 49 -24 57 -19 49 -21 43 -20 40 -25 41 -22 30 -23 33 -25 27 -31 20 -32 17 -36 0 0 0 0 0 0 0 0 0 0 ]
CSI_DATA,STA,C8:F0:9E:F2:A4:F5,-73,11,0,0,0,0,0,0,0,0,0,-94,0,6,1,28182252,0,110,0,0,28.3936,128,[110 96 6 0 0 0 0 0 0 0 0 0 -12 -21 -12 -25 -13 -25 -10 -29 -9 -30 -8 -32 -6 -31 -4 -31 -4 -31 -4 -31 -1 -33 -2 -33 -3 -31 -3 -29 -1 -29 0 -27 -1 -24 -3 -28 -1 -22 -2 -23 0 -18 -5 -18 -2 -22 5 -14 -10 -8 -4 -13 0 0 -8 -3 -7 -2 -9 2 -10 3 -9 8 -13 7 -13 10 -17 10 -17 13 -16 12 -20 14 -20 13 -21 15 -23 17 -20 15 -22 19 -21 19 -20 16 -19 14 -19 20 -15 17 -12 18 -12 19 -9 20 -4 19 -4 25 0 0 0 0 0 0 0 0 0 0 ]
CSI_DATA,STA,C8:F0:9E:F2:A4:F5,-76,11,1,3,1,1,1,0,0,0,0,-94,0,6,1,28341320,0,110,0,0,28.5527,384,[110 96 6 0 0 0 0 0 0 0 0 0 -2 -12 0 -13 0 -14 2 -15 4 -16 3 -13 4 -14 6 -13 7 -14 5 -14 7 -14 8 -13 6 -10 7 -11 5 -10 7 -12 6 -12 6 -12 5 -11 6 -9 5 -9 4 -8 3 -8 3 -6 4 -5 1 -6 0 0 0 -6 -2 -6 -4 -7 -4 -6 -4 -7 -7 -8 -5 -7 -8 -9 -7 -9 -6 -9 -10 -10 -8 -9 -10 -8 -10 -9 -10 -9 -10 -10 -11 -8 -12 -8 -9 -7 -9 -5 -10 -5 -11 -7 -12 -4 -10 -3 -13 -3 -11 -4 0 0 0 0 0 0 0 0 0 0 ]
CSI_DATA,STA,C8:F0:9E:F2:A4:F5,-72,11,0,0,0,0,0,0,0,0,0,-94,0,6,1,28348773,0,110,0,0,28.5604,128,[110 96 6 0 0 0 0 0 0 0 0 0 -5 -19 1 -30 4 -25 5 -29 7 -29 6 -27 14 -25 11 -26 11 -22 9 -27 13 -24 5 -20 10 -24 11 -20 13 -25 8 -25 10 -23 9 -17 12 -19 13 -15 13 -14 8 -13 3 -13 4 -13 1 -14 5 -11 0 0 -2 -11 -3 -12 -7 -16 -8 -9 -13 -13 -15 -12 -13 -16 -10 -15 -10 -10 -19 -24 -12 -18 -15 -18 -22 -14 -22 -16 -15 -17 -23 -19 -20 -14 -21 -14 -17 -15 -19 -12 -20 -12 -23 -12 -19 -6 -24 -4 -24 -2 -26 -3 0 0 0 0 0 0 0 0 0 0 ]
CSI_DATA,STA,C8:F0:9E:F2:A4:F5,-72,11,0,0,0,0,0,0,0,0,0,-94,0,6,1,28415735,0,110,0,0,28.627,128,[110 96 6 0 0 0 0 0 0 0 0 0 58 -28 58 -25 68 -16 78 -18 72 -11 81 -3 83 -6 75 8 75 7 69 14 82 6 70 13 54 14 61 5 55 14 73 30 58 10 51 10 63 36 54 11 45 11 35 -4 36 2 25 -6 29 -6 31 -6 0 0 22 -34 6 -38 18 -38 13 -48 47 -46 15 -47 23 -56 -6 -27 18 -60 25 -66 25 -85 12 -61 19 -65 22 -65 23 -71 19 -74 16 -72 18 -72 22 -68 9 -71 15 -76 4 -62 2 -63 -5 -71 -8 -61 -14 -65 0 0 0 0 0 0 0 0 0 0 ]
CSI_DATA,STA,C8:F0:9E:F2:A4:F5,-74,11,1,2,1,1,1,0,0,0,0,-94,0,6,1,28485395,0,110,0,0,28.6967,384,[110 96 6 0 0 0 0 0 0 0 0 0 12 0 14 1 15 1 17 3 15 4 17 6 16 5 15 7 14 9 13 7 15 9 13 8 14 9 11 8 11 8 12 8 11 9 10 7 10 7 8 6 7 4 7 6 7 3 6 1 6 3 6 1 0 0 5 -2 6 -2 5 -2 6 -7 6 -8 6 -6 8 -9 8 -10 7 -10 7 -10 7 -12 8 -11 8 -13 8 -11 8 -13 8 -13 9 -13 7 -12 6 -12 7 -12 6 -13 4 -11 4 -12 3 -12 4 -13 1 -13 0 0 0 0 0 0 0 0 0 0 ]
CSI_DATA,STA,C8:F0:9E:F2:A4:F5,-76,11,1,3,1,1,1,0,0,0,0,-94,0,6,1,28570326,0,110,0,0,28.7816,384,[110 96 6 0 0 0 0 0 0 0 0 0 -11 -1 -12 -1 -13 -2 -15 -1 -15 -2 -17 0 -17 -5 -16 -5 -11 -5 -16 -6 -15 -5 -13 -7 -11 -3 -15 -6 -14 -7 -12 -12 -11 -5 -10 -6 -12 -4 -12 -5 -10 -3 -11 -6 -8 -3 -6 -3 -5 -3 -7 -4 0 0 -5 1 -3 3 -6 5 -4 8 -7 3 -8 6 -5 8 -4 8 -4 8 -5 7 -6 10 -5 10 -6 11 -5 11 -5 11 -6 13 -5 12 -4 11 -5 13 -5 12 -3 12 -3 11 -3 11 -1 10 -1 10 0 10 0 0 0 0 0 0 0 0 0 0 ]
CSI_DATA,STA,C8:F0:9E:F2:A4:F5,-74,11,1,2,1,1,1,0,0,0,0,-94,0,6,1,28575743,0,110,0,0,28.7891,384,[110 96 6 0 0 0 0 0 0 0 0 0 -11 -3 -14 -3 -15 -4 -16 -8 -20 -6 -20 -9 -16 -7 -20 -10 -14 -7 -13 -11 -17 -9 -17 -8 -12 -7 -17 -9 -10 -11 -10 -10 -10 -7 -9 -7 -10 -10 -8 -8 -7 -7 -6 -8 -7 -5 -6 -7 -7 -4 -8 -3 0 0 -7 1 -7 3 -9 3 -10 3 -8 5 -8 7 -6 7 -10 7 -9 8 -8 8 -11 10 -10 9 -10 10 -11 10 -11 10 -12 11 -11 11 -11 11 -11 11 -10 10 -10 11 -8 11 -6 10 -6 11 -6 11 -5 11 0 0 0 0 0 0 0 0 0 0 ]
CSI_DATA,STA,C8:F0:9E:F2:A4:F5,-71,11,0,0,0,0,0,0,0,0,0,-94,0,6,1,28693470,0,110,0,0,28.9049,128,[110 96 6 0 0 0 0 0 0 0 0 0 -1 22 -3 24 -6 25 -8 28 -10 25 -12 25 -15 24 -17 25 -18 24 -17 21 -17 25 -17 24 -17 22 -16 21 -17 21 -17 21 -19 20 -17 16 -16 17 -14 16 -13 15 -14 15 -8 8 -10 11 -6 13 -6 11 0 0 -1 10 2 8 5 10 8 10 9 10 10 10 12 13 14 12 17 14 18 11 18 10 18 11 18 11 19 13 18 13 21 14 19 12 20 12 19 11 18 9 19 8 19 6 17 2 19 0 18 -1 19 -4 0 0 0 0 0 0 0 0 0 0 ]
CSI_DATA,STA,C8:F0:9E:F2:A4:F5,-75,11,1,2,1,1,1,0,0,0,0,-94,0,6,1,28745411,0,110,0,0,28.9565,384,[110 96 6 0 0 0 0 0 0 0 0 0 10 -3 11 -3 11 -2 13 0 12 2 12 2 13 6 11 5 12 3 12 5 12 4 12 6 11 4 11 5 10 6 12 4 9 5 12 5 9 5 9 5 8 2 10 3 6 1 6 0 4 0 7 1 0 0 4 -2 6 -2 5 -5 3 -4 4 -6 3 -7 3 -6 3 -8 4 -8 4 -8 3 -9 4 -9 3 -10 2 -11 3 -10 3 -11 2 -11 3 -12 2 -11 2 -11 0 -9 0 -10 -1 -10 -2 -9 -3 -10 -2 -7 0 0 0 0 0 0 0 0 0 0 ]
CSI_DATA,STA,C8:F0:9E:F2:A4:F5,-71,11,0,0,0,0,0,0,0,0,0,-94,0,6,1,28862090,0,110,0,0,29.0732,128,[110 96 6 0 0 0 0 0 0 0 0 0 -16 -14 -18 -16 -19 -19 -19 -23 -19 -23 -17 -25 -15 -27 -15 -28 -13 -29 -12 -27 -12 -30 -11 -31 -12 -29 -11 -25 -11 -25 -8 -29 -11 -27 -10 -25 -6 -25 -7 -27 -6 -25 -6 -21 -5 -18 -6 -15 -6 -16 -7 -14 0 0 -8 -9 -10 -9 -12 -6 -11 -5 -15 -3 -15 -2 -15 -2 -17 -2 -18 2 -15 1 -18 2 -19 2 -18 4 -20 3 -20 3 -21 5 -19 5 -19 5 -19 6 -16 6 -15 7 -14 6 -12 8 -11 8 -9 11 -8 10 0 0 0 0 0 0 0 0 0 0 ]
